mfd_date,mfd_daily_yield,mfd_7daily_yield,Interest_O_N,Interest_1_W,Interest_2_W,Interest_1_M,Interest_3_M,Interest_6_M,Interest_9_M,Interest_1_Y,total_purchase_amt,total_redeem_amt,direct_purchase_amt,share_amt,consume_amt,transfer_amt,fea0,fea1,fea2,fea3,fea4,fea5,fea6,fea7,fea8,fea9
2013/7/1,1.5787,6.307,4.456,5.423,6.04,6.88,5.295,4.239,4.282,4.4125,32488348,5525022,32458786,29562,382160,5142862,-3.3794,-0.3535,-0.5724,-0.522,-0.1922,-0.3148,0.0799,-0.0999,-0.0239,0.0028
2013/7/2,1.5461,6.174,3.786,4.75,5.074,5.8,5.211,4.2344,4.2808,4.407,29037390,2554548,29007510,29880,350066,2204482,-1.6895,-0.3767,-0.5395,-0.7632,-0.2631,-0.039,-0.0174,-0.0794,-0.0249,0.0055
2013/7/3,1.467,6.034,3.4,4.242,4.658,5.2,5.148,4.23,4.2796,4.4022,27270770,5953867,27234156,36614,454406,5499461,-0.7331,-0.3265,-0.5288,-0.762,-0.4167,0.1166,-0.0393,-0.1209,-0.0292,-0.0013
2013/7/4,1.4223,5.903,3.348,3.938,4.464,5.102,5.029,4.2287,4.2776,4.4,18321185,6410729,18282230,38955,535391,5875338,-0.3711,-0.2115,-0.6385,-0.6685,-0.4533,0.0225,-0.0832,-0.1306,-0.0133,-0.0035
2013/7/5,1.3845,5.739,3.38,3.816,4.295,4.7885,4.939,4.2273,4.2749,4.4,11648749,2763587,11607991,40758,697926,2065661,-0.0236,-0.0144,-0.5198,-0.7478,-0.5011,-0.0182,-0.1104,-0.1234,-0.0113,0.0034
2013/7/6,1.3674,5.582,3.3566,3.7516,4.099,4.5052,4.8876,4.2262,4.2741,4.4001,36751272,1616635,36709190,42082,300533,1316102,0.3051,0.1309,-0.4095,-0.8327,-0.4769,-0.0149,-0.1173,-0.0935,-0.0099,-0.0049
2013/7/7,1.3671,5.425,3.2985,3.7029,3.8887,4.3498,4.8486,4.2253,4.2745,4.4001,8962232,3982735,8920335,41897,336880,3645855,0.5808,0.2386,-0.3751,-0.8777,-0.3854,-0.0038,-0.1062,-0.0606,-0.0076,-0.0034
2013/7/8,1.3129,5.279,3.256,3.656,3.686,4.3,4.794,4.2238,4.2741,4.4,57258266,8347729,57218409,39857,852530,7495199,0.7897,0.3461,-0.394,-0.8797,-0.2468,-0.0205,-0.1067,-0.0714,-0.0086,-0.0006
2013/7/9,1.3096,5.15,3.249,3.596,3.604,4.298,4.723,4.2215,4.272,4.4,26798941,3473059,26755943,42998,765509,2707550,0.8902,0.4544,-0.4221,-0.8226,-0.1897,-0.0587,-0.1097,-0.048,-0.0017,-0.0049
2013/7/10,1.2792,5.047,3.251,3.59,3.85,4.269,4.704,4.22,4.2707,4.4,30696506,2597169,30644691,51815,603737,1993432,0.7911,0.5703,-0.3187,-0.6891,-0.3196,0.0143,-0.0931,-0.046,0.002,-0.0023
2013/7/11,1.2616,4.959,3.3547,3.81,3.906,4.351,4.6955,4.2199,4.2705,4.4,44075197,3508800,44021031,54166,981695,2527105,0.5809,0.6659,-0.2336,-0.7258,-0.1868,0.0071,-0.0772,-0.0496,-0.0019,0.0049
2013/7/12,1.2487,4.884,3.3,3.8,3.928,4.128,4.691,4.2189,4.2704,4.4,34183904,8492573,34126845,57059,1371072,7121501,0.7216,0.7375,-0.0893,-0.7545,-0.2673,0.0939,-0.072,-0.0402,-0.0002,-0.0047
2013/7/13,1.2396,4.815,3.3358,3.7915,3.9264,4.0247,4.688,4.2185,4.2703,4.4,15164717,3482829,15103661,61056,309654,3173175,0.786,0.8174,-0.0176,-0.776,-0.2961,0.0841,-0.0543,-0.03,-0.0061,-0.0077
2013/7/14,1.2394,4.745,3.3993,3.8205,3.916,4.1066,4.6842,4.2186,4.2702,4.4,22615303,2784107,22554354,60949,592038,2192069,0.7209,0.87,-0.0338,-0.7589,-0.2268,0.0269,-0.0223,-0.019,-0.0036,-0.0037
2013/7/15,1.1985,4.682,3.2998,3.809,3.94,4.2705,4.6785,4.2185,4.2701,4.4,48128555,13107943,48069686,58869,1521794,11586149,0.679,0.8758,-0.1238,-0.6074,-0.1471,0.08,0.0038,-0.0428,0.0025,-0.0013
2013/7/16,1.2214,4.634,3.013,3.706,4,4.424,4.6703,4.2176,4.27,4.4,50622847,11864981,50559618,63229,1529687,10335294,0.7062,0.8047,-0.2655,-0.3588,-0.114,0.2596,0.0024,-0.0137,0.0021,-0.0016
2013/7/17,1.1829,4.582,2.968,3.596,3.992,4.53,4.662,4.2166,4.27,4.4,29015682,10911513,28946382,69300,2109498,8802015,0.7368,0.8228,-0.3646,-0.2293,-0.0966,0.2405,0.0262,-0.034,-0.0077,0.0002
2013/7/18,1.1896,4.543,2.998,3.634,3.996,4.61,4.6578,4.2173,4.27,4.4,24234505,11765356,24160561,73944,3195410,8569946,0.6747,0.8533,-0.3897,-0.2047,-0.0369,0.2148,0.0432,-0.0166,-0.0035,0.0021
2013/7/19,1.2032,4.518,3.04,3.745,4.057,4.669,4.6525,4.2173,4.27,4.4,33680124,9244769,33603190,76934,1204252,8040517,0.5454,0.8797,-0.3495,-0.2126,0.0055,0.2228,0.0404,0.0008,-0.0021,0.0042
2013/7/20,1.1964,4.494,3.0708,3.8318,4.0924,4.6978,4.6508,4.2173,4.27,4.4,20439079,4601143,20360981,78098,1780862,2820281,0.4568,0.9176,-0.3135,-0.2268,0.0491,0.2285,0.0508,-0.009,-0.0048,0.0013
2013/7/21,1.1962,4.471,3.0894,3.8871,4.0983,4.7288,4.6516,4.2174,4.27,4.4,21142394,2681331,21064648,77746,761299,1920032,0.4039,0.9315,-0.3021,-0.226,0.0913,0.2287,0.0627,-0.0035,-0.0009,0.0001
2013/7/22,1.1547,4.447,3.1035,3.925,4.099,4.806,4.6515,4.2173,4.27,4.4,40448896,19144267,40374049,74847,605231,18539036,0.358,0.9523,-0.3222,-0.2024,0.1506,0.2139,0.0691,-0.0353,-0.003,-0.0055
2013/7/23,1.1826,4.426,3.1355,3.959,4.11,4.99,4.6517,4.2173,4.27,4.4,58136147,24404051,58056583,79564,2173231,22230820,0.2273,0.9505,-0.4018,-0.1414,0.2359,0.1725,0.0955,-0.0042,0.0044,0
2013/7/24,1.1805,4.424,3.23,4.011,4.131,5.293,4.661,4.2189,4.27,4.4,48422518,36258592,48337561,84957,712047,35546545,-0.005,0.9349,-0.542,-0.0678,0.3635,0.0574,0.1254,-0.0099,0.0042,0.0059
2013/7/25,1.1645,4.411,3.3495,4.132,4.258,5.468,4.6601,4.2185,4.27,4.4,57433418,38212836,57347209,86209,1557611,36655225,-0.2584,0.9805,-0.5377,-0.0287,0.4088,0.0046,0.1393,-0.0184,0.0055,-0.0018
2013/7/26,1.1777,4.397,3.55,4.351,4.62,5.722,4.667,4.2189,4.27,4.4,44721817,39192369,44633279,88538,1035450,38156919,-0.7739,1.053,-0.4782,0.0605,0.3835,-0.0469,0.1688,-0.0082,0.0039,0.0048
2013/7/27,1.1728,4.384,3.6935,4.6668,5.0669,5.894,4.6725,4.2195,4.27,4.4,17194451,15058893,17102400,92051,1922114,13136779,-1.3206,1.1318,-0.3079,0.1248,0.3403,0.0286,0.1678,-0.0186,0,0.0051
2013/7/28,1.1726,4.371,3.7425,4.9543,5.4169,5.9645,4.6734,4.2198,4.27,4.4,36255382,7683211,36164421,90961,1161872,6521339,-1.7182,1.1792,-0.1284,0.1626,0.3135,0.1578,0.1588,-0.0179,0.0039,0.0036
2013/7/29,1.1515,4.369,3.703,5.057,5.5,5.988,4.671,4.2201,4.27,4.4,53512076,18599364,53423360,88716,1202332,17397032,-1.8216,1.1786,-0.0777,0.1747,0.335,0.245,0.148,-0.0396,0.0123,0.0037
2013/7/30,1.1958,4.377,3.641,4.972,5.34,5.889,4.667,4.2203,4.27,4.4,47481243,13048582,47387817,93426,1318647,11729935,-1.6124,1.145,-0.1127,0.1277,0.3464,0.2394,0.1278,0.0106,0.0085,0.0004
2013/7/31,1.2088,4.392,3.699,4.971,5.453,5.34,4.6645,4.2199,4.27,4.4,54569637,9534040,54465204,104433,1191442,8342598,-1.4194,1.2325,0.2419,-0.0824,0.0428,0.3358,0.089,0.0135,0.0062,-0.0025
2013/8/1,1.2026,4.413,3.549,4.545,5.36,4.846,4.6635,4.2193,4.27,4.4,53369962,18864468,53261431,108531,1935577,16928891,-0.8531,1.2185,0.3102,-0.0953,-0.3128,0.3873,0.0696,0.0125,0.0074,0
2013/8/2,1.222,4.437,3.2539,4.314,4.55,4.642,4.6595,4.2198,4.27,4.4,38064536,40150769,37949861,114675,1140935,39009834,-0.0658,1.0602,0.0782,-0.3108,0.0024,0.3682,0.0455,0.0317,-0.0017,0.0015
2013/8/3,1.2154,4.46,3.0967,4.3398,4.0596,4.5657,4.6567,4.2202,4.27,4.4,21595789,20701797,21479421,116368,1725397,18976400,0.2842,0.9654,-0.0301,-0.4951,0.2954,0.3923,0.0195,0.0184,0.0038,-0.001
2013/8/4,1.2152,4.483,3.0741,4.422,4.0425,4.5506,4.6556,4.2202,4.27,4.4,45745254,8263965,45630463,114791,1389042,6874923,0.2721,0.9418,-0.0077,-0.5456,0.342,0.4411,-0.0025,0.0121,-0.0011,0.0022
2013/8/5,1.1875,4.503,3.1,4.356,4.31,4.575,4.655,4.2198,4.27,4.4,43632203,15797507,43520180,112023,1757807,14039700,0.1239,0.9621,0.0299,-0.413,0.1501,0.4521,-0.002,-0.0182,-0.001,0.0008
2013/8/6,1.204,4.507,3.1,4.066,4.549,4.6005,4.6538,4.2193,4.27,4.4,50866184,16401387,50749514,116670,2956008,13445379,0.1167,0.9687,-0.0388,-0.1976,-0.1495,0.4195,0.0172,-0.0064,0.0017,0.0017
2013/8/7,1.2118,4.509,3.1005,3.873,4.361,4.58,4.6515,4.2197,4.27,4.4,43908081,29708706,43781998,126083,1552975,28155731,0.3282,0.9462,-0.1543,-0.199,-0.1475,0.304,0.029,0.0066,0.0053,-0.0041
2013/8/8,1.2155,4.516,3.1641,3.7585,4.42,4.595,4.6504,4.2198,4.27,4.4,44493490,29551691,44364177,129313,1136867,28414824,0.3212,0.9585,-0.1889,-0.1457,-0.2498,0.2328,0.0501,0.0115,0.0056,0.0016
2013/8/9,1.2174,4.513,2.914,3.64,4.3,4.535,4.6501,4.2198,4.27,4.4,33425186,30131015,33294291,130895,3500833,26630182,0.5665,0.8763,-0.2632,-0.0771,-0.2246,0.3715,0.034,0.0132,-0.0044,-0.0005
2013/8/10,1.2128,4.512,2.7584,3.5924,4.1958,4.488,4.65,4.2199,4.27,4.4,20615307,26614408,20482505,132802,1290443,25323965,0.7224,0.831,-0.3061,-0.0625,-0.1865,0.4656,0.0276,0.0132,0,0.0001
2013/8/11,1.2126,4.511,2.7929,3.6083,4.1675,4.4796,4.65,4.22,4.27,4.4,55519543,15372680,55388879,130664,925608,14447072,0.7236,0.8452,-0.2868,-0.0963,-0.1677,0.4332,0.0213,0.0093,0,0.0034
2013/8/12,1.1886,4.511,2.9645,3.648,4.168,4.5,4.65,4.22,4.27,4.4,94520502,28586669,94394024,126478,2062992,26523677,0.6438,0.8998,-0.2669,-0.1643,-0.1646,0.3069,0.0342,-0.0159,-0.0018,0.0027
2013/8/13,1.2143,4.517,3.2253,3.702,4.16,4.524,4.65,4.2198,4.27,4.4,48720919,28790328,48590757,130162,3646077,25144251,0.523,0.9606,-0.2336,-0.2744,-0.1646,0.1068,0.0564,0.0084,-0.0043,-0.0009
2013/8/14,1.2201,4.521,3.435,3.855,4.16,4.505,4.65,4.2198,4.27,4.4,30541167,15031683,30394880,146287,2060843,12970840,0.3876,1.0292,-0.1294,-0.4237,-0.1305,-0.002,0.0526,0.0182,0.0036,-0.0009
2013/8/15,1.2184,4.523,3.283,3.994,4.119,4.517,4.6502,4.2198,4.27,4.4,42421222,52659327,42271280,149942,6412165,46247162,0.3798,0.9848,-0.1149,-0.4395,0.002,0.1581,0.0329,0.0108,0.0012,-0.0002
2013/8/16,1.219,4.524,3.209,3.772,3.823,4.56,4.6503,4.2198,4.27,4.4,41683536,33739844,41535972,147564,1588741,32151103,0.6662,0.9179,-0.3172,-0.4258,0.0864,0.0525,0.0497,0.0105,0.0007,-0.006
2013/8/17,1.215,4.525,3.1138,3.6514,3.9984,4.5927,4.6502,4.2198,4.27,4.4,17670519,4674983,17522875,147644,1555761,3119222,0.6436,0.8978,-0.3457,-0.2554,-0.0486,0.1287,0.0494,0.0137,-0.0019,-0.0021
2013/8/18,1.2148,4.526,3.1058,3.7641,4.565,4.682,4.6517,4.2198,4.2699,4.4,59703092,15218300,59555804,147288,1049130,14169170,0.2017,0.9369,-0.206,-0.0399,-0.2953,0.2982,0.0446,0.0089,-0.0043,0.0025
2013/8/19,1.1987,4.532,3.403,4.092,5.156,4.925,4.6573,4.2198,4.27,4.4,109184209,28339260,109039743,144466,2827001,25512259,-0.5187,1.0541,-0.0184,0.0459,-0.4181,0.2767,0.059,-0.0191,0.0027,0.0008
2013/8/20,1.2288,4.54,3.854,4.428,5.467,5.218,4.6636,4.2198,4.2701,4.4,53675509,30131225,53525266,150243,2331156,27800069,-1.1694,1.1665,0.0826,-0.0079,-0.3847,0.0547,0.0853,0.005,0.0018,-0.0015
2013/8/21,1.2307,4.545,3.517,4.219,5.4,5.04,4.658,4.2198,4.27,4.4,38184446,29983342,38016570,167876,1487466,28495876,-0.8308,1.0816,0.0392,0.0954,-0.4746,0.2667,0.0578,0.0055,-0.0001,0.0037
2013/8/22,1.2187,4.546,3.357,4.115,5.046,4.968,4.662,4.2198,4.27,4.4,89130737,25000672,88961196,169541,2011337,22989335,-0.4792,1.0081,-0.0709,0.0208,-0.3287,0.2823,0.0576,-0.0007,0.0077,0.0002
2013/8/23,1.2236,4.548,3.265,4.149,5.171,5.016,4.662,4.2198,4.27,4.4,37878575,25680323,37707135,171440,2928413,22751910,-0.5699,0.9839,-0.0694,0.1088,-0.3408,0.3903,0.0404,0.005,0.0041,-0.0066
2013/8/24,1.2204,4.551,3.1817,4.0821,5.2077,5.0413,4.6614,4.2198,4.27,4.4,44367268,14316598,44188538,178730,3151997,11164601,-0.5413,0.9546,-0.1045,0.1897,-0.382,0.4355,0.0417,0.0005,0.0024,0.0039
2013/8/25,1.2202,4.554,3.1107,3.9874,5.1374,5.0323,4.6617,4.2198,4.2701,4.4,43306288,18117808,43128521,177767,1946279,16171529,-0.4246,0.9264,-0.1737,0.2246,-0.3765,0.444,0.0511,-0.002,0.001,0.0047
2013/8/26,1.185,4.546,3.037,4.023,5.196,5.007,4.6619,4.2198,4.2701,4.4,74496541,20637986,74325753,170788,3918170,16719816,-0.4406,0.922,-0.1329,0.2483,-0.3874,0.5386,0.0378,-0.0309,0.0041,0.0013
2013/8/27,1.2131,4.538,3.006,4.209,5.382,4.974,4.6609,4.2198,4.2701,4.4,45268028,60137633,45089370,178658,1713586,58424047,-0.6109,0.9383,0.008,0.2564,-0.4045,0.678,0.0168,-0.0059,-0.0011,-0.0015
2013/8/28,1.213,4.528,3.098,4.259,5.015,4.929,4.6586,4.2198,4.2701,4.4,46602319,33696861,46414328,187991,3193850,30503011,-0.4282,0.9504,-0.0337,0.0383,-0.1917,0.5363,0.0253,-0.005,0.0029,-0.0038
2013/8/29,1.3194,4.583,2.957,4.318,4.4,4.903,4.658,4.2198,4.2701,4.4,47518666,35944968,47312464,206202,9618879,26326089,-0.0568,0.8037,-0.1971,-0.2254,0.194,0.5164,-0.0251,0.0863,0.0024,0.0012
2013/8/30,1.4113,4.686,3.034,3.7355,4.311,4.805,4.6572,4.2198,4.2701,4.4,56488844,20630752,56266206,222638,7687108,12943644,0.2947,0.7303,-0.4167,-0.1375,-0.1567,0.2525,-0.0158,0.1601,-0.0022,-0.0029
2013/8/31,1.2201,4.685,3.0912,3.4528,4.3877,4.729,4.6567,4.2198,4.2701,4.4,47655303,22012016,47459849,195454,3582164,18429852,0.4182,0.7881,-0.4429,-0.0231,-0.3817,0.1461,0.0222,-0.0238,-0.0023,-0.0033
2013/9/1,1.2199,4.685,3.0681,3.5495,4.3796,4.6745,4.6564,4.2198,4.2701,4.4,56239802,59339949,56045782,194020,8984938,50355011,0.4092,0.7908,-0.3753,-0.0732,-0.3446,0.2101,0.0105,-0.0248,0.0005,0.0061
2013/9/2,1.4475,4.829,3.0188,3.742,4.15,4.6,4.6561,4.2198,4.2701,4.4,140844739,17785524,140622201,222538,4903664,12881860,0.4654,0.6324,-0.3654,-0.3378,-0.1826,0.2678,-0.0862,0.1667,-0.0013,-0.003
2013/9/3,1.2339,4.84,3.0006,3.75,3.763,4.523,4.6558,4.2198,4.2701,4.4,80507880,39328144,80314060,193820,3826502,35501642,0.7429,0.6308,-0.4179,-0.5073,0.0419,0.1971,-0.0765,-0.0419,-0.0026,0.0011
2013/9/4,1.2349,4.852,3.005,3.498,3.747,4.581,4.6566,4.2198,4.2701,4.4,33366708,27452600,33149101,217607,5123201,22329399,0.8392,0.6097,-0.5618,-0.3915,-0.0733,0.0922,-0.0492,-0.0435,-0.0037,0.003
2013/9/5,1.2374,4.807,2.89,3.456,3.705,4.574,4.6566,4.22,4.2703,4.4,38716505,21800904,38491932,224573,4026090,17774814,0.9369,0.6027,-0.5937,-0.3355,-0.0399,0.1601,-0.0446,-0.032,-0.0035,-0.002
2013/9/6,1.5058,4.859,2.95,3.469,3.716,4.484,4.6573,4.2198,4.27,4.4,38923186,33417903,38648043,275143,2960086,30457817,0.9284,0.544,-0.5465,-0.4396,-0.1217,0.1436,-0.0799,0.2103,-0.0028,-0.0012
2013/9/7,1.2415,4.87,2.9979,3.4676,3.7203,4.4255,4.6578,4.2197,4.2698,4.4,34076183,20344424,33848786,227397,4674119,15670305,0.9559,0.6067,-0.4938,-0.4606,-0.1468,0.1085,-0.0678,-0.0391,0.0017,-0.0026
2013/9/8,1.2381,4.88,2.9795,3.4832,3.7096,4.4524,4.6576,4.2197,4.2699,4.4,38796909,14919122,38571047,225862,3458751,11460371,0.9434,0.59,-0.5092,-0.4494,-0.1186,0.1265,-0.0736,-0.0447,-0.0022,-0.0003
2013/9/9,1.44,4.876,2.92,3.554,3.714,4.598,4.6564,4.2198,4.27,4.4,49312473,45621186,49051334,261139,5640803,39980383,0.8376,0.5254,-0.5837,-0.422,-0.027,0.1694,-0.0816,0.1486,-0.0038,0.0013
2013/9/10,1.4214,4.979,2.8955,3.625,3.746,4.862,4.6549,4.2198,4.27,4.4,94684143,37128363,94427415,256728,4737939,32390424,0.6371,0.4236,-0.7256,-0.3615,0.0788,0.1619,-0.113,0.1068,-0.0092,-0.0043
2013/9/11,1.2527,4.989,3.014,3.482,3.767,5.138,4.6559,4.2198,4.27,4.4,98944459,71674082,98709145,235314,4887487,66786595,0.532,0.4368,-0.9192,-0.214,0.0874,-0.0227,-0.0622,-0.0622,-0.0026,0.0047
2013/9/12,1.2598,5.001,2.967,3.494,3.8,5.374,4.6563,4.2198,4.27,4.4,68573684,45147220,68334304,239380,6134732,39012488,0.3912,0.3904,-1.0483,-0.0942,0.1687,-0.025,-0.051,-0.0616,0.0021,0.0042
2013/9/13,1.3805,4.932,2.979,3.57,3.852,5.4834,4.6571,4.22,4.27,4.4,71655946,60512675,71385620,270326,6513431,53999244,0.2666,0.4085,-1.0616,-0.0524,0.2353,-0.0093,-0.0324,0.0683,0.0037,0.0008
2013/9/14,1.2613,4.943,2.8795,3.5484,3.8028,5.5252,4.6572,4.2201,4.27,4.4,30975443,36312660,30726657,248786,2449865,33862795,0.3232,0.3851,-1.1101,-0.0016,0.2953,0.0433,-0.042,-0.0498,0.0043,0.0015
2013/9/15,1.2611,4.956,2.8033,3.4808,3.6877,5.5676,4.6568,4.2201,4.27,4.4,37059683,25020715,36813279,246404,2993592,22027123,0.4203,0.3394,-1.207,0.0228,0.353,0.0384,-0.0375,-0.0474,-0.0037,0.0016
2013/9/16,1.4143,4.942,3.008,3.469,3.592,5.67,4.6569,4.22,4.27,4.4,161656210,45184589,161382323,273887,4585488,40599101,0.365,0.3573,-1.2802,-0.0534,0.4038,-0.1692,-0.0191,0.101,0.0021,-0.0032
2013/9/17,1.2495,4.848,3.493,3.583,3.64,5.836,4.6579,4.22,4.27,4.4,76204815,58260798,75960756,244059,3075100,55185698,0.0665,0.5852,-1.2263,-0.1325,0.4649,-0.5337,0.0734,-0.0434,-0.001,0.0042
2013/9/18,1.3366,4.894,3.557,3.749,3.9325,5.913,4.6584,4.22,4.27,4.4,42926608,47203221,42645589,281019,2788140,44415081,-0.266,0.5786,-1.1342,-0.0999,0.385,-0.4712,0.041,0.0337,0.0068,0.0006
2013/9/19,1.2594,4.893,3.4605,3.8368,4.0457,5.9379,4.6568,4.22,4.27,4.4,24778048,11418512,24509091,268957,2197881,9220631,-0.3543,0.5733,-1.0867,-0.0433,0.3922,-0.3393,0.0301,-0.0388,0.0011,0.0019
2013/9/20,1.2592,4.827,3.3813,3.8659,3.9882,5.9426,4.6549,4.22,4.27,4.4,28365762,15188254,28094290,271472,2462918,12725336,-0.3037,0.5895,-1.0956,-0.0231,0.4756,-0.2801,0.0496,-0.0262,0.0043,0.0047
2013/9/21,1.2569,4.825,3.394,3.897,3.9215,5.9413,4.6556,4.22,4.27,4.4,32406340,26596179,32133842,272498,2655841,23940338,-0.2803,0.5923,-1.093,-0.0671,0.5364,-0.3009,0.0484,-0.0342,0.0015,-0.0016
2013/9/22,1.2567,4.822,3.573,3.991,4.007,5.948,4.6617,4.22,4.27,4.4,67514169,47962055,67243692,270477,4795752,43166303,-0.4312,0.6591,-1.0151,-0.1312,0.5066,-0.391,0.057,-0.0315,0.0025,0.0062
2013/9/23,1.2346,4.724,3.815,4.232,4.35,6.004,4.6717,4.22,4.27,4.4,54658160,58285879,54396879,261281,13664826,44621053,-0.8405,0.8223,-0.7995,-0.1207,0.449,-0.4238,0.1086,-0.0283,0.0045,0.0027
2013/9/24,1.3281,4.767,3.6144,4.44,4.8033,6.1089,4.6731,4.22,4.27,4.4,74250859,56680792,73973408,277451,6876331,49804461,-1.2105,0.7475,-0.6998,0.0692,0.3467,-0.1006,0.06,0.0425,0.004,0.004
2013/9/25,1.3895,4.796,3.347,3.916,5.1825,5.856,4.6715,4.22,4.27,4.4,47274168,74838162,46973702,300466,3878952,70959210,-0.9696,0.6922,-0.7005,0.4144,-0.2376,0.0766,0.0419,0.1017,-0.0022,-0.003
2013/9/26,1.4449,4.897,3.112,4.055,5.571,5.435,4.6732,4.22,4.27,4.4,68718693,48467529,68406175,312518,8338252,40129277,-0.9953,0.6247,-0.3488,0.369,-0.5572,0.4951,-0.0608,0.1329,-0.0031,0.0004
2013/9/27,1.3799,4.963,3.1477,3.646,5.6528,5.33,4.6722,4.22,4.27,4.4,42166121,27639603,41868120,298001,3797939,23841664,-0.7968,0.6171,-0.4312,0.5002,-0.8999,0.3686,-0.0503,0.0597,-0.0012,-0.002
2013/9/28,1.3138,4.994,3.1734,3.4848,5.9147,5.3114,4.6729,4.22,4.27,4.4,39995798,58105720,39706452,289346,6761391,51344329,-0.8673,0.6322,-0.416,0.6478,-1.1528,0.3578,-0.0406,-0.018,0.0068,-0.0022
2013/9/29,1.3136,5.026,3.15,3.749,5.778,5.3,4.6732,4.22,4.27,4.4,34433848,40295202,34151131,282717,6378811,33916391,-0.9186,0.5931,-0.3521,0.4728,-0.9439,0.4394,-0.0767,-0.0197,0.0023,0.0045
2013/9/30,1.3162,5.07,3.126,4.203,4.774,5.3,4.6704,4.22,4.27,4.4,28398050,30181353,28118755,279295,9842291,20339062,-0.5584,0.4918,-0.456,-0.1244,-0.1021,0.3501,-0.1247,-0.0324,0.0058,0.0023
2013/10/1,1.3181,5.065,3.0823,4.5241,3.9596,5.2838,4.6679,4.22,4.27,4.4,19137499,12813267,18857154,280345,2004563,10808704,-0.2181,0.4245,-0.5413,-0.572,0.5569,0.2904,-0.1566,-0.0301,0.0041,0.0001
2013/10/2,1.3179,5.026,3.0217,4.6738,3.5641,5.2507,4.6666,4.22,4.27,4.4,11562708,7233874,11272068,290640,2386169,4847705,-0.0179,0.409,-0.5736,-0.7686,0.8838,0.2941,-0.1573,-0.0176,-0.0044,0.0029
2013/10/3,1.3177,4.956,2.9576,4.6954,3.4945,5.2093,4.6662,4.22,4.27,4.4,10101194,6223263,9809448,291746,1502285,4720978,0.058,0.4363,-0.5495,-0.7765,0.9516,0.3447,-0.1494,0,-0.0006,-0.0013
2013/10/4,1.3175,4.922,2.9034,4.632,3.6578,5.1681,4.6665,4.22,4.27,4.4,19907689,23412350,19615445,292244,4280664,19131686,0.0375,0.4615,-0.5096,-0.6634,0.8217,0.4148,-0.1433,0.0032,0.003,0.0012
2013/10/5,1.3173,4.924,2.8724,4.5269,3.961,5.1358,4.6671,4.22,4.27,4.4,26364686,13966453,26074038,290648,1514007,12452446,-0.053,0.4793,-0.4563,-0.4956,0.5768,0.4917,-0.1369,0.0009,-0.0049,0.0028
2013/10/6,1.3111,4.922,2.8779,4.4232,4.3111,5.121,4.6678,4.22,4.27,4.4,38730653,13464528,38442637,288016,2931570,10532958,-0.2008,0.51,-0.3851,-0.3225,0.3044,0.5466,-0.1318,-0.0055,-0.0045,0.0004
2013/10/7,1.3109,4.919,2.9334,4.3642,4.6151,5.1322,4.6684,4.22,4.27,4.4,42797733,28894400,42511148,286585,6620676,22273724,-0.3735,0.5546,-0.3279,-0.1945,0.0933,0.552,-0.117,0.0009,0.0029,-0.0018
2013/10/8,1.4756,5.006,3.052,4.393,4.78,5.178,4.6685,4.22,4.27,4.4,109806912,77856096,109484867,322045,7122908,70733188,-0.5701,0.506,-0.3111,-0.211,-0.0334,0.4972,-0.1491,0.1417,-0.0004,-0.0023
2013/10/9,1.2935,4.992,3.232,4.502,4.816,5.213,4.6682,4.22,4.27,4.4,72422299,33999376,72136946,285353,8883001,25116375,-0.7073,0.6052,-0.2449,-0.2721,0.0101,0.401,-0.1304,-0.0393,-0.0005,-0.0011
2013/10/10,1.3088,4.987,3.328,4.48,4.939,5.1,4.6681,4.22,4.27,4.4,72094613,52244531,71796476,298137,7061370,45183161,-0.7411,0.6537,-0.1374,-0.2932,-0.1464,0.3671,-0.1243,-0.0203,0.0074,-0.0015
2013/10/11,1.3122,4.985,3.1,4.26,4.847,5,4.6679,4.22,4.27,4.4,82674757,27666473,82372594,302163,3564500,24101973,-0.4534,0.5879,-0.2255,-0.1996,-0.2059,0.476,-0.1341,-0.0163,0.0045,0.0034
2013/10/12,1.3082,4.98,3.027,4.246,4.798,4.805,4.6673,4.22,4.27,4.4,81901136,31322983,81593823,307313,6943327,24379656,-0.2888,0.59,-0.137,-0.2652,-0.2526,0.5523,-0.1507,-0.0156,0.0016,-0.0021
2013/10/13,1.308,4.978,3.0631,4.0281,4.8743,4.8289,4.6667,4.22,4.27,4.4,71149981,31850475,70845311,304670,4273577,27576898,-0.246,0.5995,-0.2102,-0.1477,-0.4128,0.4687,-0.1246,-0.0114,0.0017,-0.0047
2013/10/14,1.2777,4.96,3.113,3.855,4.65,4.85,4.6661,4.22,4.27,4.4,130315300,40652625,130020702,294598,7783174,32869451,-0.055,0.6052,-0.3426,-0.1555,-0.3683,0.3033,-0.0996,-0.0398,0.0008,0.0008
2013/10/15,1.3456,4.889,3.117,3.845,3.883,4.713,4.6655,4.22,4.27,4.4,85704304,35099198,85388933,315371,7010950,28088248,0.4799,0.6007,-0.4604,-0.4987,0.0498,0.1305,-0.0787,0.0459,0.0016,0.0016
2013/10/16,1.313,4.899,3.055,3.314,3.357,4.857,4.6654,4.22,4.27,4.4,100948091,51261982,100610077,338014,8108405,43153577,0.9973,0.5014,-0.9047,-0.406,0.1463,-0.1597,-0.0259,0.0145,-0.0037,-0.0005
2013/10/17,1.2908,4.889,3.038,3.35,3.391,4.73,4.6681,4.22,4.27,4.4,87203217,23274764,86867001,336216,5594997,17679767,1.0307,0.5244,-0.8139,-0.4434,0.0989,-0.1055,-0.036,-0.0033,-0.0026,-0.006
2013/10/18,1.2917,4.878,3.001,3.485,3.573,4.613,4.6695,4.22,4.27,4.4,98151450,15938355,97805294,346156,4197983,11740372,0.9292,0.5499,-0.6458,-0.4605,0.0245,0.0434,-0.055,0.0025,-0.0039,0.0027
2013/10/19,1.2859,4.866,3.0507,3.5577,3.6897,4.5966,4.6712,4.22,4.27,4.4,53148443,26684697,52794624,353819,7939723,18744974,0.8182,0.5883,-0.5605,-0.459,-0.0143,0.0607,-0.0482,-0.0027,-0.0021,-0.003
2013/10/20,1.2857,4.854,3.1156,3.5799,3.7201,4.6354,4.674,4.22,4.27,4.4,47766681,50884342,47414924,351757,4669856,46214486,0.7476,0.6165,-0.5532,-0.4593,-0.0144,0.0189,-0.0365,0.005,-0.0016,-0.0062
2013/10/21,1.34,4.888,3.06,3.548,3.67,4.683,4.6775,4.22,4.27,4.4,106030290,45781403,105669458,360832,15776938,30004465,0.7805,0.5503,-0.6299,-0.4496,0.0134,0.0327,-0.0469,0.0405,-0.0013,0
2013/10/22,1.2698,4.846,3.052,3.558,3.6,4.707,4.6813,4.22,4.27,4.4,145611496,96172537,145262654,348842,17065810,79106727,0.8189,0.5775,-0.6409,-0.4454,0.0897,0.0128,-0.0262,-0.0175,-0.0053,-0.0026
2013/10/23,1.273,4.825,3.78,3.992,3.871,4.814,4.6843,4.22,4.27,4.4,106093112,73788462,105727597,365515,12090715,61697747,0.1657,0.8361,-0.3602,-0.7233,0.0879,-0.3734,0.0204,-0.0068,0.0022,-0.0014
2013/10/24,1.2811,4.819,4.088,4.68,4.882,5.4,4.6876,4.2201,4.27,4.4,69530830,58183921,69158484,372346,7363228,50820693,-1.1729,0.9637,-0.1134,-0.4831,0.0412,-0.2363,0.0226,-0.007,0.0008,0.0048
2013/10/25,1.2758,4.811,4.367,4.891,5.862,6.422,4.691,4.2201,4.27,4.4,69936453,52225802,69558797,377656,11129979,41095823,-2.4626,1.0135,-0.3238,0.1377,-0.0516,-0.3405,0.1017,-0.02,0.0088,0.0006
2013/10/26,1.2731,4.804,4.5597,4.9588,6.3304,6.902,4.6943,4.2201,4.27,4.4,55752506,49357211,55373965,378541,4620277,44736934,-3.0776,1.0571,-0.4247,0.4326,-0.127,-0.4505,0.1455,-0.0293,0.0138,0.0072
2013/10/27,1.2729,4.797,4.5865,4.9777,6.4226,6.8216,4.6968,4.2201,4.27,4.4,68007543,46520570,67634331,373212,11575035,34945535,-3.1063,1.0843,-0.3367,0.4199,-0.2029,-0.4169,0.1434,-0.026,0.0131,0.0083
2013/10/28,1.2428,4.743,4.434,4.894,6.396,6.477,4.6975,4.2201,4.27,4.4,129993375,55089464,129632574,360801,12996206,42093258,-2.811,1.1163,-0.1806,0.3783,-0.3346,-0.2677,0.137,-0.0352,0.0056,0.0015
2013/10/29,1.289,4.754,4.446,4.947,6.452,6.162,4.6966,4.22,4.27,4.4,102050144,43052468,101671985,378159,5155539,37896929,-2.72,1.1593,0.0353,0.2366,-0.473,-0.1828,0.1037,0.0032,0.0038,0.0027
2013/10/30,1.2902,4.763,5.23,5.593,6.349,5.924,4.6965,4.2195,4.27,4.4,109663260,63908701,109262475,400785,7047733,56860968,-3.1076,1.4294,0.4946,-0.4491,-0.2918,-0.5609,0.0938,0.0108,0.0128,-0.0013
2013/10/31,1.2965,4.772,4.59,4.993,5.51,5.334,4.6948,4.22,4.27,4.4,90926701,55607833,90518963,407738,9967594,45640239,-1.8123,1.2096,0.291,-0.5458,-0.2535,-0.3608,0.0467,0.0124,0.0046,0.0019
2013/11/1,1.2919,4.781,4.2883,4.61,5.03,5.162,4.6925,4.22,4.27,4.4,150904945,66933119,150490888,414057,8910803,58022316,-1.1549,1.0848,0.0718,-0.5478,-0.2049,-0.3413,0.0385,0.0134,0.0102,-0.0019
2013/11/2,1.2911,4.79,4.2294,4.5021,4.7456,5.0042,4.6913,4.2199,4.27,4.4,62132300,26705506,61714348,417952,9215431,17490075,-0.8412,1.0553,0.0388,-0.6616,-0.1473,-0.3668,0.0363,0.0104,0.0067,-0.0019
2013/11/3,1.291,4.8,4.1807,4.4703,4.5558,4.7801,4.6913,4.2199,4.27,4.4,68707870,30895754,68291959,415911,8410792,22484962,-0.5833,1.0462,0.093,-0.7993,-0.1359,-0.3449,0.014,0.011,-0.0015,-0.0018
2013/11/4,1.2888,4.825,4.0971,4.423,4.5,4.605,4.6921,4.22,4.27,4.4,300027403,130970051,299614565,412838,7225760,123744291,-0.4141,1.0156,0.1431,-0.8591,-0.1934,-0.2686,-0.0062,0.0015,-0.0006,0.002
2013/11/5,1.2938,4.828,3.9147,4.232,4.557,4.6155,4.693,4.22,4.27,4.4,180904814,82689864,180478015,426799,12228633,70461231,-0.3001,0.9618,0.0586,-0.6847,-0.2941,-0.1857,-0.008,0.0121,0.0003,0.0019
2013/11/6,1.2917,4.829,3.66,3.866,4.55,4.869,4.6926,4.22,4.27,4.4,181474910,131707820,181014598,460312,19226831,112480989,-0.1627,0.8371,-0.2747,-0.3381,-0.3492,-0.154,0.0241,0.012,0,0.0027
2013/11/7,1.2935,4.827,3.73,3.891,4.552,4.974,4.6933,4.2204,4.27,4.4,167963464,83306452,167495139,468325,13495904,69810548,-0.2549,0.8485,-0.3118,-0.3349,-0.3021,-0.2189,0.029,0.008,0.0047,-0.0026
2013/11/8,1.292,4.827,3.761,3.939,4.5805,5.077,4.6944,4.2201,4.27,4.4,231749471,92856307,231270156,479315,10129799,82726508,-0.3581,0.8442,-0.3453,-0.313,-0.2534,-0.2443,0.0369,0.0098,0.0046,-0.0012
2013/11/9,1.2891,4.826,3.7709,3.9647,4.6051,5.3086,4.695,4.2199,4.27,4.4,126467028,45885771,125980699,486329,10908069,34977702,-0.5101,0.8227,-0.4611,-0.2211,-0.1658,-0.278,0.0586,0.0069,0.0004,0
2013/11/10,1.2889,4.825,3.7413,3.9359,4.5805,5.4656,4.6954,4.2199,4.27,4.4,164813471,85293644,164328004,485467,21808380,63485264,-0.5478,0.7911,-0.5814,-0.1457,-0.096,-0.3055,0.0685,0.0042,0.0042,-0.0015
2013/11/11,1.4962,4.938,3.6,3.78,4.458,5.269,4.6962,4.22,4.27,4.4,147986439,227124951,147425452,560987,180655486,46469465,-0.2832,0.6448,-0.6155,-0.2214,-0.2116,-0.2423,0.0089,0.1819,0.0013,-0.004
2013/11/12,1.4577,5.028,3.329,3.545,4.305,4.865,4.6978,4.22,4.27,4.4,148469647,131263524,147913613,556034,12308127,118955397,0.2068,0.5382,-0.5561,-0.2892,-0.3895,-0.0656,-0.0587,0.1213,-0.0021,-0.0008
2013/11/13,1.4097,5.093,3.336,3.635,4.359,5.251,4.699,4.22,4.27,4.4,174554976,79121440,174000238,554738,14898738,64222702,-0.0824,0.4608,-0.7528,-0.17,-0.2327,-0.1012,-0.0557,0.0582,-0.0031,-0.0052
2013/11/14,1.3294,5.112,4.188,4.193,4.485,5.325,4.6997,4.2202,4.27,4.4,167996058,52554150,167462695,533363,8088009,44466141,-0.7413,0.7358,-0.4248,-0.6302,-0.1193,-0.5776,-0.0312,-0.0243,0.0083,0.0032
2013/11/15,1.4738,5.212,4.454,5.311,5.902,5.949,4.706,4.2207,4.27,4.4,124270704,58210254,123661256,609448,9874031,48336223,-2.5561,0.7963,0.0444,-0.4194,-0.1858,-0.176,-0.1028,0.076,0.0099,0.0019
2013/11/16,1.3102,5.224,4.6079,5.8936,6.7708,6.4408,4.7095,4.2209,4.27,4.4,118085705,28996272,117530834,554871,7299663,21696609,-3.6503,0.8935,0.253,-0.1653,-0.2099,0.0323,-0.0976,-0.0943,0.0144,0.002
2013/11/17,1.31,5.235,4.705,5.8295,6.7618,6.5741,4.7098,4.2208,4.27,4.4,111786622,42358155,111233475,553147,10008509,32349646,-3.7159,0.8975,0.1567,-0.1259,-0.2062,-0.1011,-0.0857,-0.0972,0.018,0.0043
2013/11/18,1.321,5.139,4.513,5.357,6.198,6.405,4.7095,4.2206,4.27,4.4,195766477,136916782,195210552,555925,14312742,122604040,-2.9901,0.8577,-0.087,-0.1123,-0.1327,-0.2208,-0.0327,-0.06,0.0127,0.0049
2013/11/19,1.3377,5.073,4.075,4.83,5.532,6.121,4.71,4.2206,4.27,4.4,131365419,70308235,130801756,563663,14639949,55668286,-2.0474,0.7271,-0.3572,-0.0949,-0.0458,-0.1582,-0.0152,-0.0164,0.0123,0.0007
2013/11/20,1.3352,5.033,4.057,4.751,5.43,6.179,4.7092,4.2207,4.27,4.4,166163002,86951218,165560984,602018,13264281,73686937,-1.9583,0.7356,-0.4497,-0.0584,0.0167,-0.2029,0.0048,-0.0156,0.0108,0.0041
2013/11/21,1.3442,5.041,3.889,4.708,5.599,6.283,4.711,4.2207,4.27,4.4,221166938,74733962,220554500,612438,8839246,65894716,-2.0392,0.6781,-0.5015,0.1227,-0.0506,-0.0632,0.0019,-0.0121,0.0066,0.0007
2013/11/22,1.3502,4.973,3.899,4.763,5.916,6.378,4.7118,4.2207,4.27,4.4,128528687,82717921,127901717,626970,20387183,62330738,-2.2867,0.7416,-0.4326,0.2865,-0.1496,0.0069,0.026,0.0159,0.0125,0.0052
2013/11/23,1.3469,4.993,3.9395,4.7988,6.1602,6.3682,4.7121,4.2207,4.27,4.4,89109018,48882131,88464354,644664,6482889,42399242,-2.458,0.7681,-0.3453,0.3467,-0.2946,0.0541,0.0134,0,0.0136,0.0058
2013/11/24,1.3467,5.013,3.9254,4.7847,6.252,6.3254,4.7126,4.2207,4.27,4.4,102394991,85555947,101754797,640194,7319621,78236326,-2.4851,0.7614,-0.3008,0.3621,-0.3711,0.0876,0.002,-0.0024,0.005,0.0048
2013/11/25,1.361,5.035,3.847,4.74,6.165,6.378,4.7132,4.2207,4.27,4.4,147143602,70113127,146505434,638168,23796084,46317043,-2.4188,0.7035,-0.3912,0.3918,-0.3255,0.1013,-0.0048,0.0123,0.0103,0.0007
2013/11/26,1.3774,5.057,3.746,4.6775,5.95,6.582,4.7156,4.2207,4.27,4.4,258037702,65802983,257385328,652374,16533187,49269796,-2.3424,0.6079,-0.6116,0.4412,-0.1257,0.0636,0.0056,0.0236,0.0041,0.0042
2013/11/27,1.3755,5.079,3.764,4.663,5.968,6.704,4.7211,4.2207,4.27,4.4,134774128,86129498,134089685,684443,13441519,72687979,-2.4154,0.5804,-0.6843,0.4851,-0.11,0.031,0.0105,0.0064,0.0012,0
2013/11/28,1.3862,5.102,3.746,4.823,6.295,6.555,4.7181,4.2207,4.27,4.4,139760425,61453591,139046863,713562,12326030,49127561,-2.6133,0.6118,-0.4611,0.484,-0.2829,0.2119,-0.0297,0.0134,0.0029,0.0053
2013/11/29,1.3879,5.123,3.726,4.666,6.066,6.365,4.7229,4.2207,4.27,4.4,122536344,123982166,121810671,725673,12980677,111001489,-2.297,0.5851,-0.4773,0.3784,-0.3128,0.1567,-0.0362,0.0182,0.0023,0.006
2013/11/30,1.3878,5.145,3.7332,4.5411,5.8842,6.2645,4.7223,4.221,4.27,4.4,116865492,119660311,116137403,728089,10367540,109292771,-2.082,0.5672,-0.5212,0.3126,-0.3156,0.0758,-0.0369,0.0121,0.0028,0.0026
2013/12/1,1.3876,5.168,3.7491,4.5302,5.8788,6.2422,4.7184,4.2212,4.27,4.4,137889992,94632233,137174775,715217,20461768,74170465,-2.0727,0.5597,-0.5122,0.2931,-0.342,0.0658,-0.0416,0.0118,0.0044,0.0054
2013/12/2,1.3882,5.182,3.748,4.571,5.93,6.263,4.7197,4.2207,4.27,4.4,345313258,128465086,344606438,706820,31233938,97231148,-2.1341,0.5525,-0.5053,0.2979,-0.3514,0.0865,-0.0513,-0.0022,0.005,0.0046
2013/12/3,1.399,5.194,3.725,4.6,5.913,6.28,4.7365,4.2216,4.2701,4.4,268666856,101662045,267952466,714390,25720023,75942022,-2.1457,0.5307,-0.5099,0.2826,-0.3132,0.1091,-0.0445,0.0134,0.0033,0.002
2013/12/4,1.3982,5.207,3.7235,4.577,5.75,6.235,4.7778,4.232,4.2706,4.4,219456372,69981329,218681591,774781,15845867,54135462,-2.0193,0.4823,-0.5314,0.2066,-0.2525,0.066,-0.0141,0.0044,0.0076,0.0098
2013/12/5,1.4025,5.216,3.703,4.558,5.509,6.08,4.885,4.2432,4.2707,4.4,190825287,118256819,190022709,802578,13825962,104430857,-1.7837,0.4242,-0.4988,0.0507,-0.1941,0.0391,0.0664,0.0076,0.0052,0.0104
2013/12/6,1.3848,5.214,3.7,4.55,5.058,5.596,5.167,4.2513,4.2739,4.405,152197159,82625571,151391317,805842,10624967,72000604,-1.268,0.3284,-0.2913,-0.3369,-0.1271,0.0159,0.2858,-0.0158,-0.0074,0.0097
2013/12/7,1.3815,5.211,3.6922,4.5323,4.8624,5.3898,5.2853,4.2616,4.2821,4.4141,138882605,71916047,138063886,818719,14079254,57836793,-1.0388,0.2827,-0.2093,-0.487,-0.0975,0.0015,0.3753,-0.018,-0.0237,0.0045
2013/12/8,1.3809,5.207,3.6668,4.5074,4.8793,5.4297,5.2641,4.2843,4.3051,4.4328,124886903,76314292,124072382,814521,19207555,57106737,-1.038,0.262,-0.2179,-0.4229,-0.0909,-0.0003,0.3526,-0.0118,-0.015,0.012
2013/12/9,1.4227,5.226,3.62,4.485,4.882,5.45,5.2581,4.3302,4.3553,4.4689,174652812,133355299,173818023,834789,20902701,112452598,-1.026,0.1962,-0.2105,-0.3667,-0.0745,-0.0067,0.3176,0.0259,-0.0119,0.0023
2013/12/10,1.4271,5.241,3.558,4.444,4.72,5.296,5.338,4.3995,4.4319,4.5237,179471612,147147341,178632183,839429,15768961,131378380,-0.8067,0.0857,-0.1045,-0.4177,-0.0345,-0.0256,0.3425,0.0254,-0.0207,-0.0044
2013/12/11,1.42,5.253,3.51,4.329,4.55,5.238,5.332,4.4612,4.4969,4.5771,239916977,110314592,239051211,865766,16209163,94105429,-0.5906,0.0055,-0.1214,-0.3993,0.011,-0.0993,0.316,0.0098,-0.0149,-0.0122
2013/12/12,1.4663,5.288,3.46,4.305,4.51,5.4155,5.3222,4.5197,4.5547,4.6247,140360007,92090275,139456440,903567,44454483,47635792,-0.6372,-0.1017,-0.2059,-0.289,0.11,-0.1545,0.2752,0.0478,-0.0085,-0.0113
2013/12/13,1.4527,5.325,3.4321,4.3,4.41,5.423,5.335,4.5736,4.6072,4.6657,164672690,90778214,163756758,915932,31197293,59580921,-0.572,-0.1869,-0.1976,-0.293,0.1883,-0.1919,0.2625,0.0261,-0.0047,-0.0085
2013/12/14,1.4493,5.363,3.4264,4.3831,4.3355,5.2962,5.3354,4.5974,4.6309,4.6845,129045596,52234651,128124144,921452,15765191,36469460,-0.4999,-0.2141,-0.0966,-0.406,0.2169,-0.168,0.216,0.0187,-0.0146,-0.006
2013/12/15,1.4491,5.4,3.4341,4.4555,4.3274,5.2619,5.3284,4.6046,4.6388,4.6914,205882387,54757146,204965245,917142,18057269,36699877,-0.5218,-0.2415,-0.0498,-0.4641,0.2386,-0.1541,0.1902,0.0092,-0.0066,-0.0051
2013/12/16,1.4771,5.43,3.447,4.358,4.389,5.557,5.331,4.6207,4.6553,4.7045,196489931,156157326,195558740,931191,32671212,123486114,-0.6711,-0.3123,-0.2352,-0.2868,0.2671,-0.248,0.2028,0.0292,-0.0082,-0.0115
2013/12/17,1.4532,5.444,3.47,4.459,4.552,6.235,5.3537,4.6608,4.6957,4.7335,193980797,116537843,193053100,927697,12025370,104512473,-1.1602,-0.4129,-0.5073,0.0296,0.5039,-0.3468,0.2485,-0.0065,-0.002,-0.0139
2013/12/18,1.4542,5.463,3.588,5.902,5.079,6.765,5.385,4.7054,4.7423,4.7634,180215804,202220872,179244717,971087,10725473,191495399,-2.5052,-0.4097,-0.0456,-0.165,1.1801,0.0446,0.1684,-0.0263,0.0033,-0.0123
2013/12/19,1.5167,5.491,3.846,6.472,6.218,7.1012,5.4239,4.7487,4.7816,4.8013,233631357,164023344,232618878,1012479,15536057,148487287,-3.714,-0.3438,0.3668,0.1016,0.9024,0.2313,0.1567,0.0231,0.0059,-0.005
2013/12/20,1.513,5.524,3.927,7.654,7.003,7.53,5.458,4.7818,4.8135,4.8353,133867400,153678963,132849845,1017555,19964515,133714448,-5.0087,-0.33,0.8432,0.0807,1.2452,0.6625,0.0925,-0.0028,0.0078,-0.0076
2013/12/21,1.5109,5.558,4.1944,9.1607,8.2544,7.9985,5.4856,4.7975,4.8283,4.851,112000779,83151594,110979622,1021157,10610110,72541484,-6.8178,-0.2051,1.5511,0.0405,1.457,1.1677,0.0182,-0.028,0.0035,0.0009
2013/12/22,1.5107,5.592,4.5028,9.9147,9.1429,8.1693,5.5056,4.8044,4.8335,4.8565,154543217,83998249,153531785,1011432,20715917,63282332,-7.9089,-0.0679,2.0395,0.0226,1.3431,1.3732,-0.013,-0.0454,0.0041,0.0015
2013/12/23,1.6189,5.67,4.515,8.843,8.246,7.656,5.516,4.8151,4.8422,4.8656,198747367,138478245,197669761,1077606,24846016,113632229,-6.6078,-0.1925,1.6562,-0.1375,1.0559,0.8669,0.0201,0.0581,0.0018,-0.0013
2013/12/24,1.611,5.757,4.145,6.197,5.761,6.605,5.5174,4.8369,4.8622,4.8856,305406334,118607911,304333324,1073010,21559120,97048791,-3.187,-0.5423,0.4976,-0.3327,0.7211,-0.1809,0.1266,0.0627,0.0001,-0.0064
2013/12/25,1.7012,5.893,4.05,5.616,5.941,6.509,5.522,4.8588,4.8823,4.9034,380076148,172755480,378896458,1179690,27956029,144799451,-2.9395,-0.6929,0.3428,-0.0718,0.2334,-0.2518,0.0984,0.1149,-0.0059,-0.0044
2013/12/26,1.7674,6.032,4.001,5.329,6.14,6.57,5.538,4.8763,4.8982,4.9203,220287409,241852564,219035100,1252309,21372055,220480509,-2.9567,-0.8286,0.2212,0.1199,-0.0486,-0.2794,0.0758,0.1488,-0.0122,0.0001
2013/12/27,1.803,6.192,3.513,5.067,5.949,6.492,5.5465,4.8942,4.9142,4.9361,211118967,163522548,209818922,1300045,22373377,141149171,-2.5432,-1.127,0.0282,0.2355,-0.069,-0.0267,0.0008,0.1438,-0.014,-0.0034
2013/12/28,1.7889,6.346,3.2293,4.8185,5.8379,6.3966,5.5498,4.901,4.9209,4.9422,192808006,61383220,191506544,1301462,18517636,42865584,-2.242,-1.3263,-0.1074,0.3054,-0.1771,0.0982,-0.0611,0.0978,-0.0152,0.0034
2013/12/29,1.7886,6.5,3.1927,4.6851,5.8435,6.2857,5.5513,4.9016,4.9224,4.9433,161473347,55129989,160179393,1293954,15925186,39204803,-2.1314,-1.4404,-0.1351,0.269,-0.3399,0.0994,-0.1184,0.0663,-0.0142,0.0033
2013/12/30,1.7947,6.598,3.205,4.841,5.907,6.122,5.553,4.9068,4.9277,4.9485,286358778,179826624,285062954,1295824,20652334,159174290,-2.1859,-1.4768,0.0302,0.1195,-0.3914,0.1816,-0.1808,0.0458,-0.0093,0.0022
2013/12/31,1.7869,6.696,3.148,5.25,5.962,5.913,5.5565,4.9205,4.94,4.9606,265851934,134232530,264556746,1295188,23640780,110591750,-2.308,-1.5313,0.313,-0.1234,-0.2967,0.4055,-0.2717,0.0182,-0.0141,0.0033
2014/1/1,1.7807,6.74,3.1512,5.2683,5.9253,5.8149,5.5618,4.9268,4.946,4.9651,330926565,77367755,329555717,1370848,21750788,55616967,-2.2535,-1.5535,0.3612,-0.1989,-0.3176,0.4132,-0.2919,-0.0048,-0.0069,-0.0011
2014/1/2,1.8092,6.763,3.131,4.981,5.759,5.91,5.5657,4.9306,4.9501,4.9677,434956739,190155450,433531489,1425250,22941048,167214402,-2.0647,-1.6176,0.1439,-0.1046,-0.3376,0.279,-0.261,0.023,-0.0113,-0.0071
2014/1/3,1.7847,6.753,3.006,4.711,5.524,6.201,5.5661,4.9389,4.9582,4.9757,342074805,127714255,340640596,1434209,23841309,103872946,-1.894,-1.7141,-0.1982,0.0819,-0.1996,0.1624,-0.2239,-0.0023,-0.0152,0.0037
2014/1/4,1.7751,6.745,2.9382,4.6923,5.4989,6.5063,5.5677,4.943,4.9624,4.9799,186085910,99869074,184607251,1478659,21965772,77903302,-2.0067,-1.774,-0.3968,0.2346,-0.053,0.1447,-0.2063,-0.0097,-0.0127,0.0025
2014/1/5,1.7748,6.738,2.9289,4.7563,5.5533,6.6512,5.5705,4.9442,4.9636,4.9808,206030707,156781996,204559800,1470907,20843557,135938439,-2.1393,-1.7882,-0.4366,0.3045,0.008,0.1566,-0.2023,-0.0102,-0.0186,-0.0013
2014/1/6,1.774,6.726,2.92,4.633,5.433,6.475,5.5732,4.9476,4.966,4.9824,442494042,190917629,441042872,1451170,25009899,165907730,-1.9141,-1.7776,-0.4128,0.2426,-0.0527,0.1165,-0.1944,-0.0079,-0.0113,0.0067
2014/1/7,1.8086,6.738,2.875,4.259,5.074,5.925,5.576,4.9547,4.9713,4.9869,589726496,137972793,588222460,1504036,27531206,110441587,-1.2249,-1.7812,-0.3445,0.041,-0.2608,0.0431,-0.2116,0.0347,-0.0134,-0.0045
2014/1/8,1.822,6.761,2.83,4.126,4.927,5.65,5.5821,4.9585,4.9742,4.9904,264025160,213880074,262398195,1626965,24398384,189481690,-0.9152,-1.804,-0.2853,-0.0602,-0.3546,0.0477,-0.224,0.043,-0.0139,0.0048
2014/1/9,1.7647,6.737,2.794,4.02,4.799,6.314,5.5837,4.964,4.9776,4.9929,280698487,140391237,279057823,1640664,25855665,114535572,-1.1111,-1.8842,-0.7421,0.2287,-0.0448,-0.1212,-0.1582,-0.0107,-0.0107,0.0045
2014/1/10,1.7878,6.738,2.766,4.041,4.75,5.675,5.5841,4.9673,4.9818,4.9934,237797636,117259153,236112121,1685515,26458750,90800403,-0.7527,-1.8239,-0.3753,-0.0509,-0.2631,0.0099,-0.2092,0.0142,-0.0118,-0.0014
2014/1/11,1.7439,6.721,2.7487,4.0495,4.6904,5.5494,5.584,4.9687,4.9838,4.9936,243403438,71530182,241731696,1671742,30620108,40910074,-0.6513,-1.7993,-0.3038,-0.111,-0.2612,0.046,-0.2117,-0.0188,-0.01,0.0002
2014/1/12,1.7434,6.703,2.7403,4.0266,4.6327,6.045,5.584,4.9697,4.984,4.9942,228255344,141505812,226592609,1662735,24005816,117499996,-0.8568,-1.8612,-0.6104,0.0886,-0.0324,-0.0671,-0.1679,-0.0197,-0.0105,-0.0014
2014/1/13,1.7584,6.695,2.738,4.013,4.636,6.465,5.5849,4.9715,4.984,4.9955,447207050,178923772,445546064,1660986,21903534,157020238,-1.0607,-1.9099,-0.8672,0.2719,0.1338,-0.1589,-0.1305,-0.0084,-0.0155,0.0031
2014/1/14,1.7634,6.67,2.7395,4.0036,4.69,6.4842,5.5865,4.9742,4.9855,4.9977,356907128,159778389,355227951,1679177,29631300,130147089,-1.0983,-1.8993,-0.8536,0.3132,0.11,-0.1444,-0.1246,0.0026,-0.0113,-0.0032
2014/1/15,1.7295,6.618,2.7513,3.965,4.641,6.742,5.5846,4.9757,4.9896,4.9997,391408718,177618247,389643679,1765039,38808458,138809789,-1.178,-1.8837,-1.024,0.4404,0.2409,-0.2381,-0.084,-0.0218,-0.0136,0.004
2014/1/16,1.723,6.595,2.7723,4.256,4.679,6.693,5.5812,4.9788,4.9913,4.9999,374947083,153167426,373159557,1787526,23865821,129301605,-1.3177,-1.8457,-0.8582,0.3214,0.3641,-0.1366,-0.1004,-0.0222,-0.009,0.0008
2014/1/17,1.7139,6.554,2.817,4.776,4.735,6.964,5.5868,4.9821,4.9918,5.0002,345426853,127385210,343608394,1818459,21879996,105505214,-1.7527,-1.8204,-0.7726,0.2369,0.7283,-0.037,-0.1097,-0.024,-0.005,0.002
2014/1/18,1.6772,6.517,3.2087,5.5987,4.9735,7.2272,5.59,4.9837,4.9921,5.0003,233200688,142869842,231380252,1820436,36540346,106329496,-2.5594,-1.663,-0.4755,-0.0294,1.0884,-0.064,-0.1104,-0.0602,0.0025,0.0054
2014/1/19,1.6767,6.48,3.7045,6.3071,5.3027,7.3786,5.5897,4.9844,4.9924,5.0002,185082022,117629351,183275869,1806153,29952235,87677116,-3.341,-1.4566,-0.1196,-0.2918,1.261,-0.1629,-0.1095,-0.059,0.0009,0.0083
2014/1/20,1.7235,6.46,3.888,6.329,5.538,7.472,5.5893,4.9854,4.993,5.0001,335761027,442996084,333912224,1848803,45103607,397892477,-3.5895,-1.3849,-0.0729,-0.2277,1.1469,-0.2555,-0.0877,-0.0051,0.0006,0.0026
2014/1/21,1.6958,6.423,3.641,5.535,5.562,7.427,5.591,4.9873,4.9936,5.0001,412854611,302825136,411045427,1809184,48810525,254014611,-3.0975,-1.4444,-0.3839,0.2044,0.7388,-0.315,-0.0272,-0.0166,-0.002,0.0076
2014/1/22,1.6853,6.398,3.676,5.224,5.56,6.95,5.5924,4.9887,4.9935,5.0001,498730606,292856188,496881726,1848880,35396154,257460034,-2.6968,-1.3716,-0.216,0.1325,0.3757,-0.351,-0.0195,-0.0213,0.0049,0.0065
2014/1/23,1.7491,6.413,3.7,5.293,5.94,6.708,5.5926,4.9904,4.9943,5.0001,481450097,209024328,479509602,1940495,37120406,171903922,-2.8479,-1.3169,0.053,0.1384,0.0785,-0.2016,-0.0537,0.0445,0.001,0.0035
2014/1/24,1.7296,6.422,3.7193,4.449,6.765,6.817,5.5946,4.9922,4.995,5.0001,614103894,345829001,612133670,1970224,37926576,307902425,-2.964,-1.2815,-0.1181,0.8492,-0.8272,-0.3156,0.0175,0.0169,0.0016,0.0019
2014/1/25,1.6815,6.424,4.0519,4.3911,6.8363,7.0102,5.5953,4.9928,4.9955,5.0001,440854623,185524856,438919123,1935500,44376079,141148777,-3.1806,-1.1971,-0.1923,0.8632,-0.8766,-0.6233,0.0695,-0.0223,0.0098,0.0024
2014/1/26,1.695,6.434,4.4,4.717,6.35,6.995,5.5962,4.9929,4.9966,5.0001,528402520,331752519,526466645,1935875,19451300,312301219,-3.163,-1.1361,-0.1429,0.3995,-0.4834,-0.9153,0.0704,-0.0111,0.0113,0.0072
2014/1/27,1.6915,6.416,4.534,4.689,6.092,6.83,5.5989,4.9933,4.9984,5.0001,657199484,280645861,655298101,1901383,36768288,243877573,-2.9537,-1.0791,-0.106,0.2038,-0.4235,-1.0548,0.0822,-0.0067,0.0078,0.0043
2014/1/28,1.7398,6.441,4.8477,4.9657,6.807,7.333,5.5998,4.9931,4.9994,5.0001,843424742,248334316,841426055,1998687,32950093,215384223,-3.8738,-1.01,-0.0628,0.4562,-0.5584,-1.1303,0.1063,0.0269,0.0133,0.0013
2014/1/29,1.6693,6.432,4.8,5.108,7.072,7.192,5.6,4.9938,4.9996,5.0001,952479658,215164666,950357375,2122283,48600473,166564193,-4.0102,-0.9676,0.147,0.4664,-0.6792,-0.9477,0.0842,-0.0421,0.0118,0.0069
2014/1/30,1.6193,6.36,4.435,4.983,5.733,5.441,5.6,4.9941,4.9998,5.0001,227916211,105288105,225754304,2161907,18939954,86348151,-2.1344,-0.9041,0.7342,-0.5583,-0.5803,-0.7015,-0.0283,-0.0636,0.0018,-0.0037
2014/1/31,1.609,6.293,4.1472,4.9139,4.5997,3.9333,5.5991,4.9942,4.9999,5.0001,87324175,48132389,85045931,2278244,10305654,37826735,-0.5552,-0.8494,1.2592,-1.4685,-0.4829,-0.4878,-0.1141,-0.0412,0.0026,0.0008
2014/2/1,1.6086,6.253,4.0007,4.9548,4.0902,3.1063,5.5976,4.9943,5,5.0001,64287172,61527060,61983151,2304021,11374370,50152690,0.2027,-0.8119,1.6141,-1.9511,-0.4598,-0.3263,-0.1786,-0.0307,-0.0015,-0.0041
2014/2/2,1.6083,6.205,3.9632,5.0681,4.0529,2.8344,5.5959,4.9944,5,5.0001,57912761,24395720,55617117,2295644,11592943,12802777,0.331,-0.7442,1.808,-2.0931,-0.4692,-0.2099,-0.197,-0.0204,-0.0045,-0.0038
2014/2/3,1.608,6.158,4.002,5.2164,4.3365,2.9917,5.5944,4.9945,4.9999,5.0001,84329848,46109194,82037541,2292307,20070740,26038454,0.0076,-0.693,1.8671,-1.9693,-0.4796,-0.1555,-0.1816,-0.0092,-0.0016,0.002
2014/2/4,1.6078,6.085,4.0846,5.3621,4.7894,3.4527,5.5936,4.9945,4.9999,5.0001,83653646,44927333,81355092,2298554,14428523,30498810,-0.5848,-0.6392,1.8038,-1.6645,-0.4694,-0.1404,-0.1322,0.0049,-0.0003,-0.0047
2014/2/5,1.6072,6.051,4.1785,5.4678,5.2603,4.0916,5.594,4.9944,4.9998,5.0001,209043990,95407704,206723577,2320413,34014315,61393389,-1.2648,-0.618,1.625,-1.2843,-0.4429,-0.18,-0.0838,0.0082,0.0035,0.0019
2014/2/6,1.6069,6.044,4.2512,5.4959,5.5976,4.7826,5.596,4.9942,4.9998,5.0001,227860276,111635336,225540877,2319399,37275155,74360181,-1.8568,-0.6513,1.3347,-0.9016,-0.3546,-0.2834,-0.0246,-0.0005,0.0009,-0.0003
2014/2/7,1.7017,6.096,4.27,5.409,5.65,5.4,5.6,4.9939,4.9998,5.0001,578818221,273482213,576343567,2474654,28411171,245071042,-2.1811,-0.7784,0.9362,-0.6294,-0.2105,-0.4377,0.012,0.082,0.0022,-0.0018
2014/2/8,1.6795,6.135,4.25,5.25,5.43,5.811,5.605,4.9936,4.9999,5.0001,358255468,183432237,355819907,2435561,29127148,154305089,-2.1854,-0.8831,0.5637,-0.4893,-0.0009,-0.6149,0.0457,0.0483,0.0073,-0.0029
2014/2/9,1.6792,6.174,4.3139,5.2643,5.4076,5.9152,5.6057,4.9937,5,5.0001,341911234,262954049,339490129,2421105,28979242,233974807,-2.2558,-0.9101,0.5004,-0.5,0.0367,-0.6842,0.041,0.0333,0.0044,-0.0014
2014/2/10,1.7004,6.225,4.3035,5.299,5.422,5.849,5.6031,4.9936,5,5.0001,647465140,431753411,645043184,2421956,52832088,378921323,-2.2575,-0.9454,0.5446,-0.5561,0.0026,-0.6456,0.0139,0.0473,0.0042,-0.003
2014/2/11,1.677,6.263,4.137,5.201,5.28,5.758,5.6005,4.9936,5,5.0001,818803205,243058162,816390370,2412835,39473499,203584663,-2.0329,-1.0117,0.4903,-0.5646,0.0187,-0.5676,-0.0119,0.0199,0.0011,-0.0003
2014/2/12,1.6702,6.298,4.075,5.178,5.22,5.65,5.6012,4.9955,5,5.0001,763009770,354585919,760453811,2555959,49996692,304589227,-1.9149,-1.0396,0.5151,-0.6103,-0.0118,-0.5195,-0.0317,0.0015,0.0032,-0.0008
2014/2/13,1.6705,6.334,3.669,5.021,4.911,5.629,5.6037,4.9963,5,5.0007,626698794,362757986,624058677,2640117,49969512,312788474,-1.5254,-1.2241,0.324,-0.5515,0.1436,-0.3284,-0.0705,-0.0111,0.0042,-0.0027
2014/2/14,1.661,6.311,3.278,4.436,4.563,5.493,5.6005,4.9966,5,5.0001,490710434,263261899,488021625,2688809,114214873,149047026,-0.8284,-1.3508,0.0336,-0.3453,0.0469,-0.2745,-0.0436,-0.0096,0.0036,-0.0002
2014/2/15,1.6566,6.298,3.1177,4.0738,4.3924,5.4141,5.5987,4.997,5,4.9998,255393179,121463693,252650784,2742395,23332090,98131603,-0.4532,-1.4023,-0.1334,-0.2354,-0.0464,-0.2923,-0.0291,-0.0056,-0.0018,0.0011
2014/2/16,1.6563,6.286,3.0685,3.9584,4.3861,5.3963,5.5991,4.9976,5,4.9999,331324628,183057224,328597307,2727321,27525012,155532212,-0.3661,-1.4158,-0.1766,-0.1719,-0.102,-0.2896,-0.0193,-0.0028,-0.0023,0.0012
2014/2/17,1.6526,6.259,2.951,3.879,4.483,5.365,5.6,4.9984,5,5.0001,706118060,405809267,703414276,2703784,25038922,380770345,-0.325,-1.4193,-0.1674,-0.066,-0.1826,-0.1955,-0.0126,0.0018,-0.0009,0.0009
2014/2/18,1.6433,6.241,2.68,3.743,4.639,5.2985,5.6,4.9993,5,5.0001,593563145,271125324,590856887,2706258,41210804,229914520,-0.2248,-1.4704,-0.1684,0.1313,-0.3296,0.0261,-0.0289,-0.005,-0.0011,0.0045
2014/2/19,1.6337,6.22,2.403,3.762,4.678,5.2942,5.6,4.9998,5,5.0001,408367966,323990451,405532115,2835851,27154783,296835668,-0.1584,-1.532,-0.1799,0.2506,-0.2907,0.2682,-0.048,-0.0156,-0.0032,-0.002
2014/2/20,1.6358,6.201,1.981,3.703,4.149,5.22,5.596,4.9999,5,5.0001,478925191,230855410,476045215,2879976,42179906,188675504,0.3505,-1.6874,-0.348,0.1904,0.0446,0.4611,-0.0747,-0.0072,-0.0062,-0.0025
2014/2/21,1.6282,6.183,1.764,3.595,4,5.176,5.5775,4.9996,5,5.0001,353981687,178914448,351086615,2895072,35272987,143641461,0.5899,-1.741,-0.4362,0.25,0.0993,0.5677,-0.0952,-0.0103,-0.0025,-0.0015
2014/2/22,1.6247,6.165,1.69,3.478,4.0324,5.221,5.5676,4.9996,5,5.0001,282022706,134735118,279083130,2939576,37388618,97346500,0.6308,-1.7473,-0.51,0.3625,0.0521,0.5873,-0.0898,0.0003,-0.0042,0.0008
2014/2/23,1.6238,6.147,1.682,3.3814,4.0505,5.2137,5.5667,4.9998,5,5.0001,337053711,195214052,334129711,2924000,27025520,168188532,0.672,-1.7319,-0.5326,0.4171,-0.0047,0.5667,-0.0797,0.0021,-0.006,-0.0009
2014/2/24,1.6323,6.136,1.7,3.339,3.97,4.968,5.5665,5,5,5.0001,656317045,473470156,653397733,2919312,38373586,435096570,0.8726,-1.7036,-0.4245,0.2983,-0.0786,0.5676,-0.0859,0.0112,0.0011,0.0052
2014/2/25,1.6039,6.114,1.72,3.278,3.811,4.519,5.5585,5,5,5.0001,563505889,299155352,560651569,2854320,50699394,248455958,1.2191,-1.6254,-0.2212,0.0827,-0.1967,0.5807,-0.1109,-0.0034,-0.0027,-0.0032
2014/2/26,1.596,6.093,1.75,3.072,3.822,4.4435,5.5415,5,5,5.0001,680801145,284819682,677828663,2972482,53686988,231132694,1.3522,-1.5931,-0.251,0.144,-0.3401,0.5013,-0.0992,-0.0085,0.0017,-0.0006
2014/2/27,1.5792,6.062,1.75,3.43,3.761,4.368,5.536,5,5,5.0001,672909288,492786036,669926875,2982413,61051395,431734641,1.2492,-1.552,-0.0732,-0.0437,-0.133,0.6232,-0.1337,-0.0195,-0.0055,-0.0017
2014/2/28,1.572,6.031,1.8458,3.529,3.753,4.316,5.529,5,5,5.0001,428721754,322030204,425722217,2999537,48124571,273905633,1.2116,-1.4923,0.0119,-0.1266,-0.1051,0.5907,-0.1275,-0.0126,0.0033,0
2014/3/1,1.5698,6.001,1.9591,3.1825,3.7329,4.2622,5.524,5,5,5.0001,362865580,211279011,359812461,3053119,39537010,171742001,1.3919,-1.4403,-0.0756,-0.047,-0.3107,0.3915,-0.0878,-0.0087,-0.0058,-0.0018
2014/3/2,1.5695,5.971,2.0448,2.7882,3.7092,4.2275,5.5215,5,5,5.0001,276202230,246199417,273172567,3029663,46033199,200166218,1.6043,-1.3995,-0.2031,0.0804,-0.5303,0.1905,-0.0347,0.0034,-0.0023,0.0039
2014/3/3,1.5559,5.928,2.085,2.821,3.734,4.262,5.519,5,5,5.0001,505305862,513017360,502322723,2983139,45213317,467804043,1.5456,-1.3617,-0.1915,0.0919,-0.4993,0.1686,-0.0253,-0.0017,-0.0035,0.0009
2014/3/4,1.5429,5.895,2.083,3.5135,3.8,4.365,5.515,5,5,5.0001,524146340,250562978,521192622,2953718,44291502,206271476,1.1231,-1.317,0.0499,-0.1094,-0.1123,0.3987,-0.0688,-0.0107,-0.0006,0.0046
2014/3/5,1.5411,5.864,2.09,3.798,3.8,4.45,5.5105,5,5,5.0001,454295491,209072753,451245946,3049545,48032386,161040367,0.9317,-1.2915,0.1272,-0.1879,0.081,0.4744,-0.0789,-0.01,0.0041,-0.0014
2014/3/6,1.5259,5.835,2.0547,2.486,3.762,4.64,5.5067,5,5,5.0001,561787770,243149884,558722119,3065651,30563498,212586386,1.5299,-1.3426,-0.519,0.446,-0.5071,0.0113,0.0584,-0.0115,-0.0003,-0.0024
2014/3/7,1.517,5.805,1.9948,2.403,3.052,4.586,5.504,5,5,5.0001,380139779,291087220,377058943,3080836,42629946,248457274,2.0435,-1.3968,-0.7107,0.2151,-0.1368,-0.1386,0.0603,-0.009,-0.0007,-0.0022
2014/3/8,1.5148,5.774,1.9636,2.5305,2.7001,4.5835,5.503,5,5,5.0001,243274169,140323202,240156774,3117395,43290047,97033155,2.1966,-1.4094,-0.7571,0.0421,0.1583,-0.1515,0.0681,-0.0012,-0.0031,-0.0023
2014/3/9,1.5145,5.744,1.9486,2.474,2.6978,4.627,5.5028,5,5,5,244752519,206312503,241650547,3101972,31892792,174419711,2.2197,-1.4018,-0.8029,0.1016,0.1569,-0.1702,0.0824,0.0067,-0.0012,-0.0064
2014/3/10,1.5048,5.716,1.919,2.358,2.625,4.574,5.502,5,5,5,497338076,308040624,494278563,3059513,53902450,254138174,2.3603,-1.3979,-0.834,0.1266,0.1318,-0.1955,0.0979,0.0001,-0.0002,0.0009
2014/3/11,1.4965,5.69,1.873,2.258,2.295,4.293,5.5002,5,5,5,430500816,496039886,427448087,3052729,47244953,448794933,2.7666,-1.3812,-0.7945,-0.0532,0.1798,-0.2188,0.0867,0.0024,-0.0054,-0.0022
2014/3/12,1.4997,5.668,1.9,2.211,2.208,3.872,5.5,5,5,5,377007897,416491268,373891397,3116500,34788679,381702589,3.0537,-1.3131,-0.5844,-0.2455,0.0343,-0.1945,0.0761,0.0178,-0.0071,0.0005
2014/3/13,1.4878,5.647,1.96,2.5,2.277,3.83,5.5,5,5,5,346286910,316973542,343188988,3097922,47886605,269086937,2.8661,-1.259,-0.4164,-0.3649,0.1277,-0.1229,0.0554,0.0089,-0.0055,-0.0049
2014/3/14,1.4831,5.628,1.8765,2.527,2.608,3.868,5.5,5,5,5,315897431,311575572,312802600,3094831,44371878,267203694,2.6809,-1.2443,-0.3411,-0.1889,-0.018,0.0238,0.0588,0,-0.0027,0.0042
2014/3/15,1.4818,5.61,1.8306,2.5277,2.7941,3.9014,5.5,5,5,5,287407002,242799048,284310353,3096649,34294409,208504639,2.5666,-1.2346,-0.315,-0.0775,-0.1038,0.1101,0.0591,0.0057,-0.0052,-0.0038
2014/3/16,1.4816,5.592,1.8442,2.5869,2.792,3.9289,5.5,5,5,5,269387391,390584547,266319616,3067775,19600978,370983569,2.5207,-1.2166,-0.2985,-0.0898,-0.0546,0.1181,0.0684,0.0063,-0.0012,-0.0026
2014/3/17,1.4628,5.568,1.869,2.671,2.7,3.938,5.5,5,5,5,339008082,440624592,336026313,2981769,50250618,390373974,2.5313,-1.1973,-0.2887,-0.1517,0.0592,0.0974,0.0661,-0.0036,-0.0085,-0.0041
2014/3/18,1.4726,5.555,2.05,2.88,2.88,4.022,5.5,5,5,5,435479117,410240726,432490715,2988402,54642238,355598488,2.2187,-1.1239,-0.1792,-0.1903,0.0648,0.0524,0.0768,0.0079,-0.0047,-0.0002
2014/3/19,1.4786,5.544,2.8025,3.422,3.8,4.412,5.5,5,5,5,359014064,429298917,355963833,3050231,30164627,399134290,0.9766,-0.8457,0.1608,-0.1646,-0.1512,-0.2094,0.1154,0.0135,0.0052,0.0006
2014/3/20,1.4772,5.538,3.011,3.474,3.641,4.619,5.5,5,5,5,365011495,336076380,361964978,3046517,36054285,300022095,0.8712,-0.817,0.041,-0.236,0.0255,-0.44,0.1526,0.0151,-0.0025,0.0005
2014/3/21,1.4787,5.535,2.5,3.6,3.78,4.895,5.5,5,5,5,282351818,259655286,279298412,3053406,39994785,219660501,0.7465,-0.9898,-0.0964,0.0647,0.2003,0.001,0.1107,0.0046,0.0026,-0.0045
2014/3/22,1.4638,5.526,2.2702,3.6417,3.8588,5.0599,5.5,5,5,5,191700135,138039412,188663159,3036976,33200246,104839166,0.6686,-1.0626,-0.1788,0.234,0.2894,0.1787,0.1031,-0.0033,0.0054,-0.0024
2014/3/23,1.4636,5.516,2.3618,3.5942,3.8056,5.1123,5.5,5,5,5,167456369,186443311,164431433,3024936,30812667,155630644,0.6678,-1.0415,-0.2348,0.2187,0.3123,0.0734,0.1258,-0.0082,0.0031,0.0013
2014/3/24,1.4542,5.511,2.5,3.578,3.823,5.148,5.5,5,5,5,313180334,437825259,310195156,2985178,38247589,399577670,0.6068,-0.9987,-0.2321,0.2042,0.2804,-0.0511,0.1401,-0.0092,0.0083,-0.0022
2014/3/25,1.446,5.496,2.5,3.6295,4.064,5.125,5.5,5,5,5,314345006,312710515,311396094,2948912,47181167,265529348,0.4586,-0.9587,-0.1326,0.2725,0.1612,0.0391,0.1398,-0.0215,0.0034,0.0007
2014/3/26,1.4345,5.472,2.52,3.868,4.53,4.835,5.5,5,5,5,272935544,450254233,269973892,2961652,38674025,411580208,0.2086,-0.855,0.2699,0.2491,-0.1042,0.2751,0.1092,-0.0215,0.0005,-0.0002
2014/3/27,1.4273,5.445,2.658,4.812,5.161,4.938,5.5,5,5,5,266231082,359071642,263304080,2927002,36993856,322077786,-0.7206,-0.7221,0.7786,0.1077,0.0658,0.6182,0.0558,-0.0287,0.0055,0.0009
2014/3/28,1.4255,5.415,2.75,4.168,5.46,4.769,5.5,5,5,5,225966355,405443946,223056705,2909650,37979942,367464004,-0.5086,-0.6433,0.7219,0.4013,-0.5395,0.4484,0.1143,-0.0256,0.0053,0.0006
2014/3/29,1.4259,5.395,2.7773,3.775,5.7883,4.6338,5.5,5,5,5,160250985,155006056,157359026,2891959,31519710,123486346,-0.4344,-0.584,0.7414,0.6461,-1.0009,0.4003,0.1438,-0.0182,0.0025,-0.0022
2014/3/30,1.4257,5.374,2.7802,3.9347,5.9352,4.6106,5.5,5,5,5,205533934,264714811,202657833,2876101,34723348,229991463,-0.5932,-0.5516,0.8615,0.6391,-1.0099,0.4912,0.1279,-0.0115,0.0065,0.0006
2014/3/31,1.431,5.361,2.8,4.184,5.467,4.617,5.5,5,5,5,398884905,423852634,396026448,2858457,48345100,375507534,-0.4501,-0.5688,0.8358,0.3457,-0.588,0.4409,0.1266,0.0021,0.0054,0.0003
2014/4/1,1.4368,5.356,2.866,4.205,4.503,4.6,5.5,5,5,5,453320585,277429358,450478122,2842463,49540539,227888819,0.0935,-0.6272,0.6011,-0.0716,-0.0151,0.1568,0.1348,0.008,0.0039,-0.0026
2014/4/2,1.437,5.357,2.95,4.225,4.504,4.6,5.5,5,5,5,355347118,272612066,352449616,2897502,51040952,221571114,0.0506,-0.601,0.6242,-0.1153,-0.0266,0.097,0.1406,0.0083,0.0045,-0.0042
2014/4/3,1.4364,5.362,2.95,4.103,4.457,4.6,5.5,5,5,5,363877120,266605457,360958034,2919086,45762040,220843417,0.1397,-0.6156,0.5583,-0.0809,-0.0678,0.0435,0.1418,0.0036,0.0095,0.0036
2014/4/4,1.4338,5.367,2.763,2.997,4.278,4.597,5.5,5,5,5,251895894,200192637,248968008,2927886,37871189,162321448,0.8635,-0.722,0.0463,0.3734,-0.5285,-0.225,0.2293,0.0042,0.0012,0.0013
2014/4/5,1.4318,5.37,2.641,2.4665,4.1545,4.5758,5.5,5,5,5,202336542,163199682,199391149,2945393,43889726,119309956,1.2458,-0.7877,-0.2011,0.5739,-0.7275,-0.333,0.2547,0.0089,-0.0021,-0.0013
2014/4/6,1.4314,5.373,2.6219,2.6622,4.1084,4.5375,5.5,5,5,5,129477254,139576683,126550557,2926697,29557907,110018776,1.196,-0.7804,-0.1172,0.4642,-0.6104,-0.2618,0.2372,0.0089,0.0088,0.0022
2014/4/7,1.4312,5.373,2.6608,3.1737,4.1302,4.4889,5.5,5,5,5,196936223,176966561,194021386,2914837,40119763,136846798,0.945,-0.7515,0.1232,0.2297,-0.3708,-0.1069,0.1982,0.002,0.0042,-0.0009
2014/4/8,1.4263,5.368,2.713,3.591,4.21,4.437,5.5,5,5,5,354770149,250015131,351854096,2916053,44570398,205444733,0.7009,-0.7045,0.3563,0.0493,-0.2259,0.021,0.1553,-0.0022,0.0054,-0.0018
2014/4/9,1.4239,5.36,2.74,3.67,4.182,4.401,5.5,5,5,5,383347565,289330278,380410136,2937429,50308002,239022276,0.692,-0.6834,0.4052,-0.0153,-0.1806,0.0273,0.152,0.0023,0.0059,0.0028
2014/4/10,1.4202,5.351,2.74,3.708,3.715,4.375,5.5,5,5,5,386567460,286914864,383627601,2939859,53154622,233760242,0.9575,-0.714,0.3082,-0.2255,0.114,-0.0689,0.155,-0.0005,0.0049,-0.0002
2014/4/11,1.4106,5.339,2.75,3.701,3.703,4.209,5.5,5,5,5,237829882,277077434,234895147,2934735,84205696,192871738,1.051,-0.6813,0.4088,-0.2944,0.0522,-0.0487,0.1486,-0.0115,0.0078,0.0002
2014/4/12,1.4099,5.327,2.7642,3.6386,3.8108,4.1405,5.5,5,5,5,177642053,123295320,174695525,2946528,39287860,84007460,1.0541,-0.6534,0.4554,-0.2502,-0.0678,-0.0372,0.1578,-0.0032,0.0076,-0.0021
2014/4/13,1.4097,5.315,2.7424,3.5742,3.8303,4.1608,5.5,5,5,5,208172985,178934722,205239452,2933533,50587988,128346734,1.0772,-0.6537,0.4196,-0.1912,-0.1051,-0.0434,0.1639,-0.0034,0.0039,0.0008
2014/4/14,1.4048,5.3,2.639,3.57,3.7,4.165,5.5,5,5,5,309853269,415986984,306943182,2910087,40950669,375036315,1.1838,-0.683,0.3761,-0.1959,-0.0052,0.0017,0.1636,0.0007,0.0047,-0.0037
2014/4/15,1.4022,5.287,2.449,3.444,3.388,4.102,5.5,5,5,5,428681231,285293076,425805725,2875506,35499014,249794062,1.5288,-0.757,0.2507,-0.228,0.1213,0.0423,0.1565,-0.0008,0.002,-0.0032
2014/4/16,1.3958,5.272,2.298,2.726,3.003,4.085,5.5,5,5,5,387847838,255914640,384939019,2908819,43923418,211991222,2.1675,-0.8437,-0.1426,-0.0238,-0.0176,-0.1759,0.2167,-0.0022,-0.002,-0.0047
2014/4/17,1.3866,5.253,2.181,2.721,2.764,4.06,5.5,5,5,5,355792647,265341592,352880124,2912523,38627405,226714187,2.3642,-0.8793,-0.2102,-0.0782,0.1452,-0.1367,0.2218,-0.0041,-0.0058,-0.0011
2014/4/18,1.3841,5.239,2,2.761,2.782,3.93,5.5,5,5,5,239300383,225952909,236377510,2922873,32020413,193932496,2.4599,-0.9057,-0.1283,-0.0655,0.1362,0.0469,0.1984,0.001,-0.0066,-0.0034
2014/4/19,1.3835,5.224,1.935,2.6551,2.8066,3.8207,5.5,5,5,5,268729366,146374940,265789873,2939493,33261685,113113255,2.5794,-0.8992,-0.1028,-0.0295,0.0332,0.0993,0.1975,0.0055,-0.0053,-0.0024
2014/4/20,1.383,5.21,1.9616,2.5763,2.8443,3.7678,5.4999,5,5,5,191259529,161057781,188336377,2923152,35438855,125618926,2.6111,-0.8777,-0.0871,-0.0096,-0.0516,0.0702,0.1996,0.0083,-0.0012,-0.0011
2014/4/21,1.3866,5.2,1.98,2.713,2.994,3.767,5.5,5,5,5,301134667,295635256,298219498,2915169,65340198,230295058,2.455,-0.8473,0.0112,-0.0074,-0.0667,0.1328,0.1926,0.0047,-0.0034,-0.0043
2014/4/22,1.3813,5.188,1.9262,3.029,3.311,3.808,5.5,5,5,5,285248757,268810141,282350142,2898615,46610311,222199830,2.1114,-0.8233,0.1988,0.0232,-0.0518,0.3612,0.1729,0,-0.0013,-0.0007
2014/4/23,1.3654,5.171,1.963,3.08,3.715,3.9511,5.5,5,5,5,313677307,278470936,310757394,2919913,47960929,230510007,1.7672,-0.7809,0.2564,0.2187,-0.2105,0.4216,0.1848,-0.0143,0.0019,-0.0031
2014/4/24,1.3515,5.152,2.303,3.521,4.147,4.32,5.5,5,5,5,318358891,224536754,315468612,2890279,43022139,181514615,1.005,-0.6617,0.3784,0.2464,-0.1322,0.3379,0.205,-0.0244,0.0009,0.0046
2014/4/25,1.344,5.13,2.31,3.503,4.329,4.286,5.49,5,5,5,220927432,227764292,218042417,2885015,41053152,186711140,0.9222,-0.6124,0.4419,0.3212,-0.2536,0.3818,0.2015,-0.0269,0.0053,0.0011
2014/4/26,1.3441,5.109,2.2437,3.5813,4.2968,4.3225,5.4871,5,5,5,151625415,158122962,148727987,2897428,34986838,123136124,0.9081,-0.6224,0.4409,0.3225,-0.1628,0.4429,0.1975,-0.0261,0.0075,-0.0001
2014/4/27,1.3439,5.087,2.2599,3.8222,4.2824,4.4795,5.4919,5,5,5,146837951,191915377,143955720,2882231,28315151,163600226,0.7181,-0.6187,0.4529,0.2782,0.05,0.476,0.2042,-0.0209,0.0032,-0.0024
2014/4/28,1.3506,5.067,2.406,4.025,4.543,4.6,5.4982,5,5,5,324937272,327724735,322059893,2877379,53228205,274496530,0.3591,-0.5502,0.5593,0.3048,0.0323,0.4736,0.2179,-0.0093,0.0055,-0.0024
2014/4/29,1.346,5.048,2.604,4.0738,4.885,4.593,5.5,5,5,5,330607104,307578349,327753580,2853524,48275458,259302891,0.0801,-0.4508,0.6954,0.3555,-0.1732,0.4236,0.2274,-0.01,0.0074,-0.0033
2014/4/30,1.3511,5.04,2.5,4.134,4.176,4.604,5.495,5,5,5,260091330,281835975,257193410,2897920,61314568,220521407,0.4882,-0.5291,0.5144,0.089,0.3065,0.3409,0.2198,-0.0062,0.0027,0.0017
2014/5/1,1.3364,5.032,2.4028,4.2167,3.7735,4.6989,5.493,5,5,5,193045106,143362755,190175350,2869756,46481549,96881206,0.6615,-0.5977,0.3717,-0.0275,0.65,0.3267,0.2206,-0.0148,-0.0017,0.0038
2014/5/2,1.3362,5.028,2.3836,4.2343,3.8162,4.7914,5.4932,5,5,5,125336258,121222064,122453074,2883184,24171256,97050808,0.5939,-0.6049,0.3357,0.0281,0.6778,0.3434,0.2233,-0.0147,0.0066,-0.0004
2014/5/3,1.3361,5.023,2.3976,4.089,3.9219,4.7641,5.491,5,5,5,185094488,199568043,182203439,2891049,41506485,158061558,0.6099,-0.5909,0.3251,0.1199,0.5161,0.3137,0.231,-0.015,0.0004,0.0063
2014/5/4,1.3543,5.029,2.4,3.683,3.708,4.5,5.482,5,5,5,303087562,413222034,300180905,2906657,65972622,347249412,1.0735,-0.5886,0.2485,0.0895,0.3169,0.1774,0.2384,0.0071,0.0043,0.0016
2014/5/5,1.3378,5.022,2.37,3.14,3.158,4.058,5.4655,5,5,5,370924149,309330781,368099706,2824443,66043856,243286925,1.9099,-0.5922,0.1398,-0.0644,0.1795,-0.0356,0.2524,0.0041,0.0021,-0.0026
2014/5/6,1.3831,5.042,2.37,3.092,3.158,3.941,5.4474,5,5,5,318002728,341108696,315096777,2905951,61126871,279981825,1.9828,-0.5911,0.1851,-0.1078,0.0948,-0.033,0.2198,0.0441,-0.0016,-0.0004
2014/5/7,1.3393,5.036,2.37,3.1125,3.092,3.882,5.4167,5,5,5,417327518,239372999,414463880,2863638,40650214,198722785,2.0525,-0.5694,0.2088,-0.1552,0.1287,-0.0318,0.1852,0.0049,0.005,-0.0026
2014/5/8,1.3221,5.028,2.23,3.204,3.106,3.79,5.3992,5,5,5,392838756,273187499,390000657,2838099,47941936,225245563,2.0905,-0.5797,0.2827,-0.1661,0.1574,0.1246,0.151,-0.0111,0.0068,-0.0001
2014/5/9,1.3244,5.022,2.2205,3.194,3.121,3.773,5.3909,5,5,5,281479009,247743971,278616335,2862674,48319772,199424199,2.1003,-0.5689,0.2889,-0.1555,0.1393,0.1437,0.1396,-0.0105,0.0034,-0.0008
2014/5/10,1.3117,5.008,2.1962,3.1803,3.1302,3.7489,5.3929,5,5,5,287240171,147248328,284388148,2852023,38040745,109207583,2.1241,-0.561,0.3094,-0.1411,0.1266,0.1676,0.1529,-0.0141,0.0074,0.0051
2014/5/11,1.3115,4.985,2.165,3.1842,3.1526,3.7043,5.3935,5,5,5.0001,182424063,152945581,179585742,2838321,38400973,114544608,2.1498,-0.5461,0.3397,-0.1322,0.1124,0.206,0.1475,-0.0107,0.0027,0.0039
2014/5/12,1.3083,4.969,2.2135,3.18,3.198,3.66,5.3764,5,5,5,325108597,293952908,322293245,2815352,48093256,245859652,2.1304,-0.4993,0.38,-0.1343,0.0592,0.1872,0.1463,-0.0122,0.0035,0.0016
2014/5/13,1.3022,4.924,2.35,3.181,3.2498,3.617,5.3414,5,5,5,275241493,257918375,272439137,2802356,61456142,196462233,2.0887,-0.4091,0.4482,-0.1681,0.0059,0.1,0.1375,-0.0022,0.0055,0.0037
2014/5/14,1.2986,4.902,2.3666,3.236,3.233,3.5675,5.3198,5,5,5,305474522,316225442,302621995,2852527,45318037,270907405,2.0929,-0.3691,0.499,-0.2013,0.0289,0.1054,0.121,0.0007,0.011,0.0015
2014/5/15,1.2971,4.888,2.35,3.1355,3.202,3.651,5.2665,5,5,5,313367089,238307643,310522196,2844893,37879297,200428346,2.1331,-0.3608,0.386,-0.1301,0.0357,0.0668,0.0878,0.0002,0.0175,0.0005
2014/5/16,1.2986,4.874,2.37,3.129,3.127,3.69,5.2418,5,5,5.01,231967423,282094916,229109632,2857791,37551420,244543496,2.155,-0.3516,0.349,-0.1376,0.1019,0.0211,0.0769,0.0097,0.0077,0.0114
2014/5/17,1.2818,4.858,2.3872,3.0605,3.0039,3.6209,5.2351,5,5,5.0168,170983868,145854372,168161205,2822663,32944450,112909922,2.2956,-0.3317,0.3408,-0.1898,0.1121,-0.0372,0.0768,-0.0034,0.0099,0.0084
2014/5/18,1.2816,4.842,2.3937,2.9959,2.9548,3.5785,5.2296,5,5,5.0169,164419642,153440019,161609998,2809644,40062277,113377742,2.3853,-0.3185,0.3294,-0.1896,0.0906,-0.0659,0.0775,-0.0019,0.0077,0.0099
2014/5/19,1.3283,4.853,2.396,3.1,3.1318,3.736,5.2142,5,5,5.011,259077930,293791406,256179008,2898922,51391608,242399798,2.1445,-0.3281,0.3187,-0.1068,0.0979,-0.0212,0.0638,0.0345,0.0092,0.011
2014/5/20,1.3308,4.868,2.427,3.361,3.579,4.095,5.1772,5,5,5.003,453955303,260040720,451059660,2895643,47536760,212503960,1.5463,-0.3085,0.3231,0.0863,0.1082,0.087,0.0288,0.0355,0.0222,0.0053
2014/5/21,1.323,4.882,2.528,3.353,3.925,4.2,5.1215,5,5,5.0026,297799722,250223726,294888620,2911102,45455883,204767843,1.2679,-0.2491,0.3529,0.2389,-0.0808,0.0754,-0.0095,0.0239,0.0207,0.0066
2014/5/22,1.2887,4.877,2.51,3.419,3.919,4.203,5.0935,5,5,5.0014,344636549,251108485,341774952,2861597,45562332,205546153,1.2396,-0.2263,0.3721,0.2265,-0.0271,0.1093,-0.0375,-0.0127,0.0256,0.006
2014/5/23,1.281,4.867,2.53,3.405,3.908,4.0685,5.0675,5,5,5.0013,249546195,229000787,246693653,2852542,60184458,168816329,1.3227,-0.185,0.4445,0.172,-0.0835,0.1053,-0.062,-0.011,0.0357,0.0038
2014/5/24,1.2488,4.849,2.524,3.3113,3.9966,4.0416,5.0536,5,5,5.0017,160073254,154409868,157281426,2791828,30780112,123629756,1.3375,-0.161,0.4552,0.245,-0.1885,0.1179,-0.0613,-0.0365,0.0344,0.0079
2014/5/25,1.2486,4.831,2.4984,3.2164,4.0324,4.0947,5.0485,5,5,5.0017,166943526,231004758,164165899,2777627,45685873,185318885,1.3487,-0.1544,0.3889,0.3432,-0.2282,0.0967,-0.0507,-0.0338,0.0387,0.0056
2014/5/26,1.249,4.788,2.5025,3.195,3.822,4.1,5.0413,5,5,5.0012,344890868,274707572,342134083,2756785,54429404,220278168,1.4858,-0.1413,0.3326,0.2839,-0.1028,0.0315,-0.0392,-0.0183,0.0271,0.0036
2014/5/27,1.2548,4.746,2.541,3.247,3.39,4,5.0197,5,5,5.0002,299049555,321965845,296280007,2769548,54053714,267912131,1.7563,-0.1157,0.3047,0.0572,0.1477,-0.0637,-0.0525,-0.007,0.0365,0.006
2014/5/28,1.2597,4.712,2.51,3.2,3.33,3.94,4.9768,5,5,5.0001,276134813,415891684,273325022,2809791,74293409,341598275,1.8627,-0.0899,0.3024,0.0567,0.1508,-0.0632,-0.0772,0.0099,0.0376,0.0046
2014/5/29,1.2381,4.684,2.51,3.215,3.349,3.877,4.9418,4.999,5,5.0001,320549863,313827800,317800649,2749214,54803737,259024063,1.8898,-0.0349,0.3519,0.0434,0.1337,-0.0404,-0.1001,0.0013,0.0327,0.0063
2014/5/30,1.279,4.683,2.57,3.23,3.324,3.861,4.925,4.9998,5,5,226547701,312802179,223709770,2837931,52407524,260394655,1.8745,-0.0195,0.369,0.0015,0.1396,-0.0886,-0.1197,0.036,0.0368,0.0018
2014/5/31,1.2376,4.677,2.5851,3.2249,3.3374,3.7747,4.9175,5.0012,5,4.9999,146823669,142862063,144080973,2742696,23557943,119304120,1.9171,0.0183,0.4243,-0.0287,0.099,-0.0723,-0.1241,0.005,0.0439,0.0061
2014/6/1,1.2364,4.67,2.5571,3.2093,3.3789,3.6576,4.912,5.0018,4.9997,4.9999,183489775,149829253,180762669,2727106,33825537,116003716,1.9754,0.0349,0.4931,-0.04,0.0229,-0.0326,-0.1301,-0.0016,0.0406,0.0068
2014/6/2,1.2305,4.66,2.5232,3.1915,3.4069,3.6059,4.9026,5.0004,4.9991,5,158219402,170409506,155516287,2703115,38668393,131741113,2.0089,0.0379,0.5174,-0.0246,-0.0184,0.0116,-0.1501,0.0004,0.0411,0.0073
2014/6/3,1.2473,4.656,2.521,3.18,3.38,3.716,4.883,4.9958,4.998,5,270887462,385622582,268143582,2743880,55464815,330157767,1.9692,0.0355,0.4398,0.0207,0.0415,-0.016,-0.1509,0.0113,0.0356,0.0061
2014/6/4,1.2611,4.657,2.561,3.152,3.334,3.931,4.855,4.9868,4.9967,5,274460744,303978838,271682147,2778597,54260600,249718238,1.8809,0.0253,0.2888,0.0825,0.1298,-0.1101,-0.1617,0.0246,0.0348,-0.0014
2014/6/5,1.2818,4.681,2.576,3.07,3.448,3.878,4.8393,4.9733,4.9967,5,380042567,355645445,377223821,2818746,89226348,266419097,1.8798,0.0301,0.3073,0.1155,-0.0159,-0.1141,-0.1737,0.0403,0.0242,-0.0065
2014/6/6,1.2476,4.664,2.5808,3.15,3.442,3.984,4.8259,4.9609,4.9959,5,301413900,274862067,298679366,2734534,55681761,219180306,1.7875,0.0517,0.2786,0.1344,0.0773,-0.1007,-0.174,0.0179,0.0142,-0.0092
2014/6/7,1.2474,4.669,2.5863,3.1895,3.3562,4.1041,4.8201,4.9562,4.9946,5,187801995,146203577,185054361,2747634,38318930,107884647,1.7528,0.027,0.1906,0.1269,0.2062,-0.1394,-0.1807,0.0112,0.016,-0.0069
2014/6/8,1.2473,4.675,2.5881,3.1637,3.2505,4.1628,4.8196,4.9574,4.9936,5,302171269,169525332,299436270,2734999,36440988,133084344,1.7958,0.0095,0.118,0.1161,0.2675,-0.1935,-0.1754,0.0087,0.0164,-0.008
2014/6/9,1.2719,4.698,2.58,3.13,3.158,4.161,4.8181,4.9603,4.9938,5,366114374,287520152,363337491,2776883,52422163,235097989,1.863,-0.0205,0.0725,0.0757,0.2972,-0.2204,-0.1819,0.0281,0.0219,-0.0045
2014/6/10,1.2628,4.706,2.57,3.13,3.132,4.159,4.8095,4.9615,4.9946,5,354031597,298190025,351275811,2755786,68280581,229909444,1.8886,-0.0247,0.0606,0.0729,0.3129,-0.218,-0.195,0.0148,0.021,-0.0025
2014/6/11,1.2723,4.712,2.592,3.15,3.223,4.381,4.7941,4.9606,4.9926,5,327661453,246127540,324824312,2837141,80918118,165209422,1.7035,-0.0391,-0.0307,0.1828,0.3572,-0.2481,-0.1974,0.0256,0.0243,-0.0046
2014/6/12,1.2625,4.702,2.597,3.154,3.25,4.719,4.7862,4.9601,4.9925,5,332365185,236467885,329539251,2825934,75247726,161220159,1.5086,-0.0671,-0.2246,0.3349,0.4844,-0.3093,-0.1696,0.0171,0.0202,-0.0032
2014/6/13,1.2801,4.719,2.6,3.04,3.259,4.814,4.7794,4.96,4.9935,5,216923770,386799040,214045806,2877964,56967852,329831188,1.5041,-0.0867,-0.3313,0.4159,0.4464,-0.3693,-0.1647,0.0288,0.0217,-0.0035
2014/6/14,1.2678,4.73,2.6035,2.9772,3.2471,4.9221,4.7749,4.9613,4.993,5,181574530,229916191,178733395,2841135,29831979,200084212,1.4815,-0.1118,-0.4216,0.4744,0.4545,-0.4173,-0.1598,0.011,0.0243,0.0006
2014/6/15,1.2677,4.742,2.6042,2.9813,3.23,5.0424,4.7742,4.9601,4.9912,5,166080126,116623756,163263976,2816150,30194033,86429723,1.4292,-0.1317,-0.4953,0.5071,0.5122,-0.4436,-0.1523,0.0103,0.0208,-0.0002
2014/6/16,1.2581,4.734,2.6,3.006,3.237,5.058,4.7777,4.951,4.9889,5,387308484,492349489,384522342,2786142,58644674,433704815,1.4047,-0.124,-0.4895,0.5117,0.5306,-0.4291,-0.1515,0.0043,0.023,-0.0095
2014/6/17,1.2436,4.724,2.6,3.031,3.568,4.941,4.7825,4.9347,4.9867,5,270350693,502560223,267626738,2723955,46759557,455800666,1.2622,-0.0708,-0.333,0.5923,0.3039,-0.3116,-0.1548,-0.0137,0.0056,-0.0094
2014/6/18,1.2244,4.697,2.639,3.074,4.511,4.972,4.7767,4.9277,4.9842,5,335262709,421920230,332565225,2697484,43682078,378238152,0.6697,0.0485,-0.0657,0.9557,-0.2202,-0.0901,-0.1546,-0.0213,0.0067,-0.0078
2014/6/19,1.193,4.66,2.698,3.093,4.03,5.233,4.7692,4.9216,4.9805,5,338609087,284956260,335998519,2610568,45420417,239535843,0.7923,0.0317,-0.3265,0.8506,0.1856,-0.3,-0.1096,-0.0504,0.0015,-0.0095
2014/6/20,1.2332,4.634,2.759,3.402,4.578,5.435,4.7751,4.9139,4.9796,5,251582530,286583065,248879061,2703469,44882716,241700349,0.1952,0.0851,-0.1688,1.0092,0.1059,-0.1382,-0.11,-0.0028,-0.0028,-0.0106
2014/6/21,1.1774,4.585,2.7236,3.5401,4.9119,5.4901,4.7804,4.9124,4.9797,5,177999186,231003775,175409451,2589735,54561773,176442002,-0.0725,0.1442,-0.0438,1.14,0.023,0.0149,-0.0967,-0.0557,0.0023,-0.0096
2014/6/22,1.1773,4.535,2.6759,3.4975,4.7902,5.4833,4.7806,4.9143,4.9794,5,147180819,361285652,144611888,2568931,49236322,312049330,0.0454,0.155,-0.0768,1.1479,0.0961,0.0078,-0.082,-0.0359,-0.0034,-0.0072
2014/6/23,1.1818,4.494,2.755,3.448,4.603,5.526,4.7761,4.9136,4.9777,5,232227670,373779624,229685312,2542358,47744484,326035140,0.1434,0.1817,-0.1631,1.1001,0.2016,-0.1304,-0.0589,-0.0282,-0.005,-0.0102
2014/6/24,1.1875,4.463,2.971,3.483,4.697,5.638,4.7679,4.9081,4.9747,5,245450766,428471509,242915326,2535440,80582484,347889025,-0.0538,0.2697,-0.1548,1.1005,0.1782,-0.289,-0.0329,-0.0125,-0.0008,-0.0094
2014/6/25,1.1376,4.416,2.995,3.464,5.06,5.492,4.7582,4.9059,4.9722,5,264663201,547295931,262227341,2435860,79096124,468199807,-0.1777,0.3796,0.0297,1.2095,-0.0928,-0.1883,-0.0294,-0.0514,-0.003,-0.0127
2014/6/26,1.1175,4.375,2.974,3.552,5.147,5.035,4.7478,4.9033,4.9677,5,297628039,418742109,295269783,2358256,66292846,352449263,-0.022,0.475,0.3609,1.0446,-0.2666,-0.0275,-0.066,-0.0554,-0.0048,-0.0084
2014/6/27,1.1403,4.324,2.885,3.781,5.184,5.012,4.7482,4.901,4.9664,5,264282703,399444352,261895380,2387323,44685853,354758499,-0.1134,0.4925,0.4725,1.0024,-0.1475,0.1366,-0.0741,-0.0308,-0.0138,-0.0043
2014/6/28,1.1247,4.296,2.8289,3.7241,5.4088,5.0553,4.7499,4.9002,4.9664,5,153826161,283400236,151482880,2343281,59857221,223543015,-0.2139,0.5094,0.4883,1.1596,-0.2747,0.2092,-0.0635,-0.0378,-0.0087,-0.0056
2014/6/29,1.1245,4.267,2.8384,3.6088,5.5916,5.0411,4.7501,4.9004,4.9664,5,158801540,261170799,156485272,2316268,48105024,213065775,-0.2511,0.5511,0.5056,1.2909,-0.4491,0.2139,-0.0443,-0.0323,-0.0037,-0.0052
2014/6/30,1.1234,4.235,2.913,3.867,5.394,5.004,4.7499,4.9007,4.9658,5,334054112,456547794,331761678,2292434,71593561,384954233,-0.2707,0.5922,0.5905,1.0714,-0.2061,0.203,-0.053,-0.0225,-0.0063,-0.0085
2014/7/1,1.1619,4.221,3.017,4.421,4.711,5.001,4.7499,4.9004,4.9654,5,384428753,374164541,382080337,2348416,76352332,297812209,-0.1713,0.5784,0.6459,0.5369,0.486,0.1286,-0.0847,0.0214,-0.0053,-0.0054
2014/7/2,1.1374,4.221,3.02,3.927,4.089,4.891,4.75,4.9001,4.9672,5,384555819,328950951,382237475,2318344,54590504,274360447,0.4927,0.5301,0.3449,0.4453,0.5441,-0.1734,-0.0386,0.0003,-0.0119,-0.0082
2014/7/3,1.1345,4.23,2.96,3.393,3.5,4.132,4.75,4.9001,4.9654,5,297894643,289009780,295575412,2319231,72000589,217009191,1.5127,0.5345,0.4058,0.1487,0.3032,-0.307,-0.0522,0.007,-0.0095,-0.0051
2014/7/4,1.1211,4.22,2.94,3.42,3.5,4.063,4.75,4.9,4.9652,5,211649838,264494550,209348291,2301547,58159245,206335305,1.5492,0.5517,0.4604,0.1209,0.3001,-0.2741,-0.0611,-0.0088,-0.0145,-0.0084
2014/7/5,1.121,4.218,2.8691,3.4655,3.4675,4.1176,4.7497,4.8999,4.9662,5,169383796,272535138,167078182,2305614,46886012,225649126,1.5344,0.5252,0.4259,0.1419,0.3803,-0.2148,-0.0617,-0.0064,-0.0098,-0.0041
2014/7/6,1.1209,4.216,2.8267,3.4366,3.3732,4.0903,4.7495,4.9,4.9664,5,199569025,195530758,197287738,2281287,42738122,152792636,1.629,0.5105,0.3991,0.1145,0.4197,-0.2174,-0.0652,-0.004,-0.0201,-0.0063
2014/7/7,1.1216,4.215,2.952,3.421,3.446,4.047,4.7495,4.9,4.9641,5,272182847,317612569,269914951,2267896,63467426,254145143,1.5782,0.5538,0.452,0.0854,0.3242,-0.2928,-0.0605,-0.0008,-0.0106,-0.0032
2014/7/8,1.1183,4.191,3.253,3.52,3.782,4.046,4.75,4.9,4.9607,5,224240103,340453063,221992553,2247550,57017247,283435816,1.2487,0.6941,0.626,0.0848,0.1339,-0.4105,-0.0339,0.0013,-0.0154,-0.0068
2014/7/9,1.1169,4.18,3.351,3.736,4.023,4.1,4.749,4.9,4.9628,5,278005555,269642881,275740766,2264789,44472135,225170746,0.9389,0.7534,0.7675,0.0763,0.1182,-0.3615,-0.0354,-0.0031,-0.0075,-0.0086
2014/7/10,1.1305,4.178,3.3,3.711,4.069,4.1545,4.7438,4.9,4.9608,5,283095921,326009240,280808940,2286981,71503879,254505361,0.9088,0.7337,0.7235,0.1443,0.1102,-0.3293,-0.0388,0.0141,-0.0108,-0.0038
2014/7/11,1.12,4.177,3.285,3.723,4.153,4.163,4.7423,4.9,4.9616,5,208671021,240050748,206409952,2261069,37145193,202905555,0.8558,0.7475,0.7545,0.1882,0.071,-0.2947,-0.046,-0.0013,-0.0097,-0.0005
2014/7/12,1.113,4.173,3.2885,3.7475,4.2807,4.1814,4.7428,4.9,4.9623,5,177644343,149081488,175393033,2251310,40240325,108841163,0.7575,0.7583,0.7824,0.2382,0.0144,-0.257,-0.0409,-0.004,-0.0078,-0.005
2014/7/13,1.1125,4.169,3.2836,3.744,4.3613,4.2301,4.7441,4.9001,4.962,5,179759885,199459990,177520917,2238968,37261668,162198322,0.6902,0.7599,0.773,0.2902,-0.0108,-0.2491,-0.04,-0.0086,-0.0082,-0.0004
2014/7/14,1.1284,4.172,3.255,3.7035,4.299,4.313,4.7461,4.9001,4.9618,5,254797524,284753279,252543988,2253536,52533556,232219723,0.7143,0.7281,0.6923,0.3301,0.0394,-0.2728,-0.026,0.0036,-0.0059,-0.0036
2014/7/15,1.1341,4.181,3.218,3.646,4.18,4.417,4.7485,4.9001,4.9618,5,334810012,261722182,332554408,2255604,59644641,202077541,0.7708,0.6808,0.5679,0.3534,0.123,-0.3109,-0.0246,0.0133,-0.0137,-0.0075
2014/7/16,1.1377,4.192,3.2472,3.65,4.391,4.492,4.7487,4.9,4.9608,5,394890140,234775948,392596651,2293489,59605459,175170489,0.5959,0.6925,0.5814,0.4525,0.0198,-0.2908,-0.0182,0.0068,-0.0133,-0.0013
2014/7/17,1.1133,4.183,3.2465,3.641,4.4,4.588,4.7448,4.9,4.9616,5,253011280,298279385,250755039,2256241,104717040,193562345,0.5424,0.69,0.5322,0.5058,0.0576,-0.3131,-0.0082,-0.0129,-0.0045,-0.0038
2014/7/18,1.1215,4.184,3.245,3.651,4.988,4.73,4.7467,4.9,4.9616,5,208959595,208671287,206677714,2281881,60675775,147995512,0.1266,0.7237,0.6041,0.7896,-0.2319,-0.1811,-0.0061,-0.0016,-0.0096,-0.0037
2014/7/19,1.1131,4.184,3.2865,3.6555,5.2068,4.8562,4.7486,4.9,4.9613,5,210318023,155464283,208048192,2269831,31681543,123782740,-0.0843,0.7344,0.6063,0.9139,-0.3185,-0.1847,0.0116,-0.0209,-0.0022,-0.0072
2014/7/20,1.1129,4.184,3.331,3.662,5.0671,4.9542,4.7485,4.9,4.961,5,176449304,174462836,174193562,2255742,38768091,135694745,-0.0703,0.7252,0.5145,0.8757,-0.1998,-0.2667,0.0181,-0.0162,-0.003,-0.0007
2014/7/21,1.1428,4.192,3.318,3.694,4.991,5.03,4.7467,4.9,4.9607,5,378088594,434191479,375786236,2302358,54882116,379309363,-0.0813,0.6989,0.4552,0.8656,-0.1094,-0.2809,0.0157,0.0149,-0.0081,-0.0026
2014/7/22,1.1166,4.182,3.253,3.848,5.159,5.115,4.7465,4.9,4.9605,5,243084133,369043423,240854173,2229960,98632913,270410510,-0.2738,0.6974,0.5139,0.9322,-0.0665,-0.1632,0.0015,-0.015,-0.0072,-0.0015
2014/7/23,1.1266,4.176,3.295,4.202,5.15,5.271,4.7525,4.9,4.9604,5,265461894,308353077,263182434,2279460,56660566,251692511,-0.5347,0.7063,0.5673,0.8307,0.1834,-0.104,-0.0049,-0.0079,-0.0124,-0.0008
2014/7/24,1.1215,4.181,3.313,4.101,5.273,5.278,4.7465,4.9,4.9604,5,277044480,347622431,274781793,2262687,70641581,276980850,-0.5639,0.7106,0.5566,0.9221,0.0553,-0.1209,0.0016,-0.0072,-0.0051,-0.0015
2014/7/25,1.1244,4.182,3.348,4.081,4.821,4.95,4.7465,4.9,4.9603,5,181641088,262874791,179379699,2261389,70693254,192181537,-0.1412,0.7182,0.6209,0.599,0.1696,-0.2069,-0.0143,-0.0066,-0.0083,0.0058
2014/7/26,1.1221,4.187,3.3657,4.1017,4.5614,4.7173,4.749,4.9,4.9602,5,128268053,282653341,126012255,2255798,51725809,230927532,0.1161,0.7307,0.6995,0.38,0.2433,-0.2375,-0.0296,-0.007,-0.008,-0.0003
2014/7/27,1.122,4.192,3.3509,4.0856,4.5748,4.584,4.7498,4.9,4.9601,5,151406251,166610652,149177264,2228987,50588888,116021764,0.1874,0.7444,0.7657,0.3494,0.1643,-0.1993,-0.0333,-0.0059,-0.0119,0.0024
2014/7/28,1.1276,4.184,3.304,4.013,4.628,4.398,4.7465,4.9,4.9602,5,371762756,345986909,369535407,2227349,51656382,294330527,0.3054,0.7601,0.8551,0.3464,0.0291,-0.1376,-0.0535,0.0005,-0.0098,-0.0041
2014/7/29,1.1156,4.183,3.2503,3.907,4.6,4.141,4.739,4.9,4.9601,5,228093046,303480103,225904582,2188464,41066657,262413446,0.5309,0.7728,0.947,0.287,-0.1029,-0.0827,-0.0677,-0.0072,-0.0083,-0.0002
2014/7/30,1.1162,4.178,3.2502,3.914,4.525,4.144,4.7316,4.9,4.959,5,209917272,250117716,207702516,2214756,53868111,196249605,0.5683,0.7803,0.9253,0.2597,-0.0535,-0.1038,-0.0794,-0.0093,-0.0111,0.0019
2014/7/31,1.1156,4.174,3.204,3.98,3.979,4.2,4.7215,4.9,4.9588,5,191728916,277194379,189518581,2210335,53122061,224072318,0.8386,0.7189,0.7715,0.0538,0.345,-0.1938,-0.0816,0.0003,-0.0112,0.001
2014/8/1,1.1173,4.171,3.196,3.907,4.047,4.21,4.7149,4.9,4.9558,5,374884735,252540858,372678958,2205777,84227601,168313257,0.8332,0.7235,0.7498,0.1202,0.266,-0.1897,-0.087,-0.0021,-0.0101,0.0032
2014/8/2,1.118,4.168,3.1975,3.8647,4.1721,4.1947,4.7115,4.9001,4.9542,5,189092130,172250225,186889349,2202781,41930977,130319248,0.7888,0.7417,0.7707,0.1832,0.1661,-0.1821,-0.0798,-0.0008,-0.007,-0.002
2014/8/3,1.1178,4.166,3.1927,3.8632,4.1653,4.16,4.7096,4.9001,4.9544,5,173825397,127125217,171634865,2190532,40828571,86296646,0.816,0.7451,0.7955,0.1744,0.1584,-0.169,-0.0908,0.0047,-0.011,-0.0004
2014/8/4,1.1451,4.176,3.182,3.842,4.086,4.105,4.7081,4.9,4.9551,5,330640884,322907524,328404472,2236412,78477516,244430008,0.8998,0.7267,0.7886,0.121,0.1643,-0.1784,-0.1013,0.0277,-0.0023,0.0017
2014/8/5,1.1203,4.178,3.145,3.738,3.998,4.056,4.7049,4.899,4.9543,5,394780870,221706539,392589715,2191155,74040082,147666457,1.0451,0.7187,0.7472,0.1226,0.1475,-0.1963,-0.1,0.0047,-0.0095,-0.0047
2014/8/6,1.1162,4.178,3.051,3.559,3.9799,4.104,4.6982,4.8949,4.9505,5,288821016,282346594,286598298,2222718,56127546,226219048,1.1428,0.6851,0.6319,0.2489,0.096,-0.1968,-0.084,0.0002,-0.0164,-0.0008
2014/8/7,1.1186,4.18,3.04,3.511,3.977,4.161,4.6941,4.8901,4.9491,5,247646474,253659514,245405658,2240816,60050774,193608740,1.1389,0.6739,0.5694,0.2891,0.0948,-0.2123,-0.081,0.0043,-0.0177,0.0041
2014/8/8,1.1397,4.192,3.001,3.457,3.693,4.101,4.6921,4.8912,4.9465,5,233903717,311648757,231616935,2286782,67603275,244045482,1.373,0.6339,0.4969,0.1818,0.2147,-0.259,-0.0905,0.0162,-0.0148,0.0038
2014/8/9,1.1173,4.191,2.9778,3.4292,3.552,4.0954,4.6916,4.8923,4.9457,5,160262764,163611708,158028887,2233877,50648384,112963324,1.483,0.6154,0.4507,0.1442,0.2871,-0.2821,-0.0947,0,-0.0128,0.0059
2014/8/10,1.1172,4.191,2.9716,3.4267,3.5742,4.1408,4.6917,4.892,4.9464,5,259534870,189909225,257313208,2221662,55462188,134447037,1.4527,0.6102,0.431,0.175,0.2929,-0.2838,-0.0847,-0.005,-0.0151,0.0047
2014/8/11,1.1235,4.179,2.955,3.42,3.616,4.166,4.6916,4.8914,4.9467,5,331550471,418603336,329331370,2219101,60850688,357752648,1.4252,0.61,0.4211,0.219,0.2739,-0.2655,-0.0879,0.0052,-0.0159,0.0075
2014/8/12,1.1146,4.176,2.916,3.39,3.586,4.154,4.6905,4.8904,4.9457,5,258493673,309754858,256311879,2181794,48112423,261642435,1.4707,0.6004,0.4007,0.2279,0.2804,-0.2509,-0.082,0.0007,-0.0134,0.0094
2014/8/13,1.1138,4.175,2.892,3.36,3.579,4.22,4.6882,4.8871,4.9442,5,261506619,303975517,259291103,2215516,55277175,248698342,1.4663,0.5911,0.3571,0.2758,0.3032,-0.254,-0.0781,-0.0029,-0.0141,0.0036
2014/8/14,1.1367,4.185,2.888,3.353,3.598,4.233,4.6834,4.8851,4.9391,5,257702660,211939431,255446130,2256530,38957777,172981654,1.4545,0.581,0.3359,0.2758,0.2894,-0.2468,-0.0842,0.0145,-0.0203,0.0097
2014/8/15,1.1129,4.17,2.889,3.346,3.509,4.174,4.6811,4.8844,4.9387,5,244551620,236516007,242336052,2215568,47779700,188736307,1.5403,0.599,0.3468,0.2317,0.3216,-0.2672,-0.0879,-0.0007,-0.0222,0.0046
2014/8/16,1.1128,4.168,2.8862,3.3329,3.4654,4.1687,4.6809,4.8835,4.939,5,215059736,219214339,212842047,2217689,41164497,178049842,1.5766,0.5931,0.3304,0.2203,0.3311,-0.281,-0.0791,0.0002,-0.0213,0.0105
2014/8/17,1.1126,4.165,2.8766,3.311,3.4811,4.2244,4.6812,4.8823,4.9386,5,149978271,139564084,147777403,2200868,40085759,99478325,1.5534,0.5866,0.2893,0.2607,0.3439,-0.2838,-0.0766,-0.0028,-0.0195,0.0123
2014/8/18,1.1122,4.159,2.858,3.276,3.51,4.31,4.6805,4.881,4.9382,5,298499146,259169016,296308680,2190466,55584679,203584337,1.5154,0.5799,0.2376,0.3385,0.3443,-0.2955,-0.0677,-0.0031,-0.0165,0.007
2014/8/19,1.122,4.163,2.835,3.237,3.477,4.363,4.6791,4.8801,4.9382,5,266401973,254929877,264196458,2205515,74648794,180281083,1.5336,0.5569,0.1795,0.3651,0.3629,-0.2991,-0.0617,0.0056,-0.0244,0.0113
2014/8/20,1.124,4.169,2.833,3.246,3.462,4.286,4.6804,4.88,4.939,5,308378692,202452782,306133606,2245086,73775504,128677278,1.5821,0.5573,0.2194,0.3238,0.348,-0.2919,-0.0707,0.0086,-0.0179,0.0048
2014/8/21,1.1168,4.158,2.848,3.312,3.98,4.238,4.6786,4.88,4.94,5,251763517,219963356,249525712,2237805,70493107,149470249,1.2663,0.6257,0.4113,0.4746,0.0541,-0.1381,-0.0768,0.0009,-0.0212,0.0062
2014/8/22,1.104,4.153,2.843,3.369,3.942,4.2039,4.6764,4.88,4.9398,5,246316056,179349206,244094164,2221892,74322748,105026458,1.2805,0.6312,0.4501,0.4306,0.0973,-0.1146,-0.0886,-0.0077,-0.0245,0.0079
2014/8/23,1.0997,4.146,2.8458,3.3965,3.8568,4.1892,4.6771,4.8819,4.9403,5,141412027,199377531,139192764,2219263,63911142,135466389,1.3293,0.6328,0.4533,0.3819,0.161,-0.1237,-0.0897,-0.0146,-0.0139,0.0078
2014/8/24,1.0993,4.139,2.8514,3.3943,3.8709,4.1913,4.6781,4.8831,4.9408,5,130195484,191080151,127991522,2203962,52046987,139033164,1.3155,0.6425,0.4544,0.396,0.1537,-0.1256,-0.0825,-0.0067,-0.0232,0.0101
2014/8/25,1.1122,4.139,2.841,3.363,3.886,4.199,4.6758,4.88,4.9394,5,309574223,312413411,307361141,2213082,96656751,215756660,1.3238,0.6356,0.434,0.4155,0.1298,-0.129,-0.085,0.0016,-0.0215,0.0049
2014/8/26,1.1085,4.131,2.823,3.318,3.876,4.2,4.6695,4.873,4.9363,5,306945089,285478563,304747497,2197592,88192408,197286155,1.3534,0.6417,0.4154,0.4354,0.1156,-0.1277,-0.0883,-0.0028,-0.0205,0.0098
2014/8/27,1.1079,4.123,2.861,3.349,3.9828,4.178,4.668,4.8729,4.9365,5,302194801,468164147,299973007,2221794,107408171,360755976,1.2827,0.6679,0.4787,0.4499,0.0548,-0.1211,-0.083,0.0018,-0.0222,0.0052
2014/8/28,1.1043,4.116,2.876,3.538,4.05,4.133,4.6689,4.8727,4.9373,5,245082751,297893861,242887647,2195104,98896299,198997562,1.1643,0.6984,0.5975,0.3755,0.1049,-0.0451,-0.1036,-0.0028,-0.0273,0.0047
2014/8/29,1.1169,4.123,2.908,3.672,4.199,4.114,4.6659,4.8726,4.9364,5,267554713,273756380,265335172,2219541,103967802,169788578,1.004,0.7234,0.7025,0.3574,0.071,0.0293,-0.1141,0.0098,-0.0275,0.007
2014/8/30,1.1206,4.134,2.9743,3.6487,4.4367,4.1277,4.6599,4.8744,4.9347,5,199708772,196374134,197483663,2225109,70813897,125560237,0.8533,0.755,0.7604,0.4384,-0.095,0.02,-0.1172,0.0089,-0.0205,0.0068
2014/8/31,1.1204,4.146,3.0037,3.5712,4.5113,4.1276,4.6576,4.8753,4.9342,5,275090213,292943033,272878511,2211702,106464912,186478121,0.8332,0.7595,0.7518,0.4863,-0.1848,-0.0165,-0.1136,0.0074,-0.0203,0.0095
